run_id,model,tp_size,batch_size,context_len,layer_index,attention_ms,projection_core_ms,projection_with_ln_ms,measured_total_with_ln_ms,qkv_proj_ms,qk_norm_rope_ms,o_proj_ms,mlp_ms
Qwen3-32B_tp2_ctx1024_bs1,Qwen3-32B,2,1,1024,0,0.13473600149154663,0.9696213460216919,0.9972160127169142,1.1319520142084607,0.12193599964181583,0.07023466688891251,0.21201067045331,0.5654400090376536
Qwen3-32B_tp2_ctx1024_bs1,Qwen3-32B,2,1,1024,1,0.09188266719381015,0.790415999169151,0.8229013324404756,0.9147839996342857,0.08959466715653737,0.04692266695201397,0.09416533385713895,0.5597333312034607
Qwen3-32B_tp2_ctx1024_bs1,Qwen3-32B,2,1,1024,2,0.08637333288788795,0.7842506685604652,0.8155786686887344,0.9019520015766224,0.08748266597588857,0.04483733388284842,0.09131199990709622,0.560618668794632
Qwen3-32B_tp2_ctx1024_bs1,Qwen3-32B,2,1,1024,3,0.08600533256928126,0.7837919990221659,0.8147466656131048,0.900751998182386,0.08742400010426839,0.04443200056751569,0.09336000060041745,0.5585759977499644
Qwen3-32B_tp2_ctx1024_bs1,Qwen3-32B,2,1,1024,4,0.0836106650531292,0.7816266554097334,0.8122826555433372,0.8958933205964664,0.08702399954199791,0.04454933355251948,0.0916373332341512,0.5584159890810648
Qwen3-32B_tp2_ctx1024_bs1,Qwen3-32B,2,1,1024,5,0.08295999839901924,0.7782453385492166,0.8083360050804913,0.8912960034795105,0.08723733325799306,0.04436266670624415,0.08973333363731702,0.5569120049476624
Qwen3-32B_tp2_ctx1024_bs1,Qwen3-32B,2,1,1024,6,0.08165333171685536,0.7794346635540327,0.8098773302820822,0.8915306619989376,0.08715199927488963,0.043674666434526443,0.09093866621454556,0.557669331630071
Qwen3-32B_tp2_ctx1024_bs1,Qwen3-32B,2,1,1024,7,0.08186133081714313,0.7780746705830097,0.8085333372776707,0.8903946680948138,0.08666666597127914,0.04322133337457975,0.09102933357159297,0.5571573376655579
Qwen3-32B_tp2_ctx1024_bs1,Qwen3-32B,2,1,1024,8,0.08136533076564471,0.7801173391441505,0.8108640055482587,0.8922293363139033,0.08680533245205879,0.043685333182414375,0.09142933413386345,0.5581973393758138
Qwen3-32B_tp2_ctx1024_bs1,Qwen3-32B,2,1,1024,9,0.08328533296783765,0.7799253265062969,0.8102239930691819,0.8935093260370196,0.0865119993686676,0.04366399968663851,0.09210133428374927,0.5576479931672415
Qwen3-32B_tp2_ctx1024_bs1,Qwen3-32B,2,1,1024,10,0.08317866548895836,0.7827573406199614,0.8119733404989044,0.8951520059878627,0.08650133262077968,0.04602133358518282,0.09281600018342336,0.5574186742305756
Qwen3-32B_tp2_ctx1024_bs1,Qwen3-32B,2,1,1024,11,0.08074666435519855,0.77853865797321,0.8084639909987649,0.8892106553539634,0.08724266663193703,0.043573333571354546,0.08950933441519737,0.5582133233547211
Qwen3-32B_tp2_ctx1024_bs1,Qwen3-32B,2,1,1024,12,0.08089599758386612,0.7784640130897363,0.8087253461902341,0.8896213437741002,0.08707199990749359,0.0434293324748675,0.08961066727836926,0.558352013429006
Qwen3-32B_tp2_ctx1024_bs1,Qwen3-32B,2,1,1024,13,0.0811359981695811,0.778367996836702,0.8082293298405906,0.8893653280101717,0.08684266606966655,0.04297066666185856,0.08956800028681755,0.5589866638183594
Qwen3-32B_tp2_ctx1024_bs1,Qwen3-32B,2,1,1024,14,0.08151466399431229,0.7799360118806362,0.8118880114828547,0.893402675477167,0.08702399954199791,0.04307200014591217,0.08980266749858856,0.5600373446941376
Qwen3-32B_tp2_ctx1024_bs1,Qwen3-32B,2,1,1024,15,0.08184533193707466,0.7794879910846552,0.8093279910584291,0.8911733229955038,0.08694399893283844,0.0428906666735808,0.09200533231099446,0.5576479931672415
Qwen3-32B_tp2_ctx1024_bs1,Qwen3-32B,2,1,1024,16,0.08143999800086021,0.7810400010397037,0.810917334475865,0.8923573324767252,0.08627200002471606,0.04589333323140939,0.09012266745169957,0.5587520003318787
Qwen3-32B_tp2_ctx1024_bs1,Qwen3-32B,2,1,1024,17,0.08064533273379008,0.7822186735769112,0.8118506733638544,0.8924960060976445,0.08743466685215633,0.04336533322930336,0.09230399876832962,0.559114674727122
Qwen3-32B_tp2_ctx1024_bs1,Qwen3-32B,2,1,1024,18,0.08064533149202664,0.7795359914501508,0.8096799914104243,0.890325322902451,0.08676266546050708,0.04285333305597305,0.09103466694553693,0.5588853259881338
Qwen3-32B_tp2_ctx1024_bs1,Qwen3-32B,2,1,1024,19,0.08055999750892322,0.7782133296132088,0.8084746630241474,0.8890346605330706,0.08675199995438258,0.04314666613936424,0.08957333241899808,0.5587413311004639
Qwen3-32B_tp2_ctx1024_bs1,Qwen3-32B,2,1,1024,20,0.08087466408809026,0.7800266755123932,0.8103626753824452,0.8912373394705355,0.0865119993686676,0.04329066599408785,0.0902346670627594,0.5599893430868784
Qwen3-32B_tp2_ctx1024_bs1,Qwen3-32B,2,1,1024,21,0.08265599980950356,0.7778986717263857,0.807674671523273,0.8903306713327765,0.08597866569956143,0.04318933313091596,0.08908800035715103,0.5596426725387573
Qwen3-32B_tp2_ctx1024_bs1,Qwen3-32B,2,1,1024,22,0.08122133215268452,0.7834293289730946,0.8130026621123155,0.8942239942650001,0.08609599868456523,0.04724800027906895,0.09060800075531006,0.5594773292541504
Qwen3-32B_tp2_ctx1024_bs1,Qwen3-32B,2,1,1024,23,0.08012799794475238,0.7795413459340731,0.8096106792800128,0.8897386772247652,0.08681066582600276,0.04301333303252856,0.08958933378259341,0.5601280132929484
Qwen3-32B_tp2_ctx1024_bs1,Qwen3-32B,2,1,1024,24,0.08039999877413113,0.7805813290178776,0.8105119955725968,0.890911994346728,0.08692800005276997,0.04317333300908407,0.09096533432602882,0.5595146616299947
Qwen3-32B_tp2_ctx1024_bs1,Qwen3-32B,2,1,1024,25,0.08044799913962682,0.7815946737925212,0.8114026739882927,0.8918506731279195,0.08694399893283844,0.04294399917125702,0.08989866574605306,0.5618080099423727
Qwen3-32B_tp2_ctx1024_bs1,Qwen3-32B,2,1,1024,26,0.08018666505813599,0.7809333441158136,0.8111200106019776,0.8913066756601136,0.08664533247550328,0.043381333351135254,0.09082133198777835,0.5600853463013967
Qwen3-32B_tp2_ctx1024_bs1,Qwen3-32B,2,1,1024,27,0.08086400106549263,0.7827466701467832,0.8125813365913928,0.8934453376568854,0.08652266611655553,0.044730667024850845,0.09244266773263614,0.5590506692727407
Qwen3-32B_tp2_ctx1024_bs1,Qwen3-32B,2,1,1024,28,0.08057599763075511,0.7853386737406254,0.8149973400868475,0.8955733377176026,0.08978133276104927,0.04428266609708468,0.09240533287326495,0.5588693420092264
Qwen3-32B_tp2_ctx1024_bs1,Qwen3-32B,2,1,1024,29,0.08004799733559291,0.7860373357931772,0.8160853357985616,0.8961333331341544,0.09041066591938336,0.04322666674852371,0.0909493329624335,0.5614506701628367
Qwen3-32B_tp2_ctx1024_bs1,Qwen3-32B,2,1,1024,30,0.08026666442553203,0.7788480079422395,0.8095040080758433,0.8897706725013753,0.08667199934522311,0.04308799964686235,0.08914133285482724,0.5599466760953268
Qwen3-32B_tp2_ctx1024_bs1,Qwen3-32B,2,1,1024,31,0.0806986652314663,0.7823840100318193,0.8126720101572573,0.8933706753887236,0.0865119993686676,0.04297066666185856,0.0926186665892601,0.5602826774120331
Qwen3-32B_tp2_ctx1024_bs1,Qwen3-32B,2,1,1024,32,0.08464000001549721,0.7808853338162104,0.8108853336113194,0.8955253336268166,0.08700266604622205,0.04285333305597305,0.08996266747514407,0.5610666672388712
Qwen3-32B_tp2_ctx1024_bs1,Qwen3-32B,2,1,1024,33,0.07969599838058154,0.7840159970025221,0.8139253303719064,0.8936213287524879,0.08623999978105228,0.04347199946641922,0.0942026674747467,0.560101330280304
Qwen3-32B_tp2_ctx1024_bs1,Qwen3-32B,2,1,1024,34,0.08086399858196576,0.7791466824710369,0.8088160155651469,0.8896800141471127,0.08627199878295262,0.044319999714692436,0.08890666688481967,0.5596480170885721
Qwen3-32B_tp2_ctx1024_bs1,Qwen3-32B,2,1,1024,35,0.08011199906468391,0.7788746717075508,0.8088266717580458,0.8889386708227297,0.0865866666038831,0.04298133278886477,0.0892533337076505,0.5600533386071523
Qwen3-32B_tp2_ctx1024_bs1,Qwen3-32B,2,1,1024,36,0.08031999940673511,0.7797919971247513,0.8101493303353587,0.8904693297420938,0.0865279994904995,0.04284266630808512,0.08924266695976257,0.5611786643664042
Qwen3-32B_tp2_ctx1024_bs1,Qwen3-32B,2,1,1024,37,0.08040533090631168,0.7793066756178935,0.809157342184335,0.8895626730906466,0.0861919994155566,0.0433013333628575,0.09044800077875455,0.5593653420607249
Qwen3-32B_tp2_ctx1024_bs1,Qwen3-32B,2,1,1024,38,0.08062399799625079,0.7794346734881401,0.809152006637305,0.8897760046335558,0.08635199939211209,0.043151999513308205,0.0903199998040994,0.5596106747786204
Qwen3-32B_tp2_ctx1024_bs1,Qwen3-32B,2,1,1024,39,0.08050133287906647,0.7800426768759886,0.8095840099267662,0.8900853428058326,0.08691199868917465,0.04291733354330063,0.09146133437752724,0.5587520102659861
Qwen3-32B_tp2_ctx1024_bs1,Qwen3-32B,2,1,1024,40,0.08257599795858066,0.7800320026775202,0.810080002527684,0.8926560004862646,0.08645866562922795,0.04377066716551781,0.09062399963537852,0.5591786702473959
Qwen3-32B_tp2_ctx1024_bs1,Qwen3-32B,2,1,1024,41,0.08116266503930092,0.7839466705918312,0.8139200039828817,0.8950826690221826,0.08752533296744029,0.0433599998553594,0.09433600058158238,0.5587253371874491
Qwen3-32B_tp2_ctx1024_bs1,Qwen3-32B,2,1,1024,42,0.08083733171224594,0.7788800001144409,0.8105066663896044,0.8913439981018504,0.08687466631333034,0.04365333293875059,0.08934933319687843,0.5590026676654816
Qwen3-32B_tp2_ctx1024_bs1,Qwen3-32B,2,1,1024,43,0.08095999931295712,0.7809226599832376,0.8108266598234574,0.8917866591364145,0.08656533310810725,0.04336533322930336,0.09214400003353755,0.5588479936122894
Qwen3-32B_tp2_ctx1024_bs1,Qwen3-32B,2,1,1024,44,0.08079466472069423,0.7782773269961277,0.8104479932226241,0.8912426579433183,0.08676266546050708,0.04356799957652887,0.08971200014154117,0.5582346618175507
Qwen3-32B_tp2_ctx1024_bs1,Qwen3-32B,2,1,1024,45,0.08001066371798515,0.7769866678863764,0.8073546676896513,0.8873653314076364,0.08623999978105228,0.042965333287914596,0.08906666686137517,0.5587146679560343
Qwen3-32B_tp2_ctx1024_bs1,Qwen3-32B,2,1,1024,46,0.0815413308640321,0.780378669500351,0.8100586694975693,0.8916000003616015,0.08663999910155933,0.04402133325735728,0.09099199995398521,0.5587253371874491
Qwen3-32B_tp2_ctx1024_bs1,Qwen3-32B,2,1,1024,47,0.08003199969728787,0.775434664140145,0.8071999973617494,0.8872319970590373,0.08621866628527641,0.04276800031463305,0.08961066727836926,0.5568373302618662
Qwen3-32B_tp2_ctx1024_bs1,Qwen3-32B,2,1,1024,48,0.08057599887251854,0.7754026775558789,0.8050240107501546,0.8856000096226732,0.08685333281755447,0.042703999827305474,0.08844799920916557,0.5573973457018534
Qwen3-32B_tp2_ctx1024_bs1,Qwen3-32B,2,1,1024,49,0.08236800010005633,0.7760213402410348,0.8060053402247528,0.8883733403248091,0.08657066524028778,0.043162666261196136,0.08977600062886874,0.5565120081106821
Qwen3-32B_tp2_ctx1024_bs1,Qwen3-32B,2,1,1024,50,0.0798239993552367,0.7765706721693277,0.8084053384761015,0.8882293378313382,0.08673066645860672,0.043439999843637146,0.08841066683332126,0.5579893390337626
Qwen3-32B_tp2_ctx1024_bs1,Qwen3-32B,2,1,1024,51,0.08001066495974858,0.7758666810890039,0.8054560141948363,0.8854666791545849,0.08667199934522311,0.042912000169356666,0.08842133358120918,0.557861347993215
Qwen3-32B_tp2_ctx1024_bs1,Qwen3-32B,2,1,1024,52,0.07962133487065633,0.7817226642121871,0.811738664129128,0.8913599989997844,0.08600533256928126,0.04739200013379256,0.09061333288749059,0.5577119986216227
Qwen3-32B_tp2_ctx1024_bs1,Qwen3-32B,2,1,1024,53,0.0806133324901263,0.7801386757443348,0.8117760090778271,0.8923893415679534,0.08649599924683571,0.0446186667929093,0.09213333328564961,0.5568906764189402
Qwen3-32B_tp2_ctx1024_bs1,Qwen3-32B,2,1,1024,54,0.08220266674955685,0.7809226649502913,0.8111946649538974,0.8933973317034543,0.08699733267227809,0.04370133330424627,0.09221866602698962,0.5580053329467773
Qwen3-32B_tp2_ctx1024_bs1,Qwen3-32B,2,1,1024,55,0.08177066718538602,0.7775413381556671,0.8078080046301087,0.8895786718154948,0.08683733269572258,0.04337066660324732,0.09025600055853526,0.5570773382981619
Qwen3-32B_tp2_ctx1024_bs1,Qwen3-32B,2,1,1024,56,0.08057066425681114,0.7779946718364954,0.8079200053277115,0.8884906695845226,0.08680533245205879,0.0438293336580197,0.0896213340262572,0.5577386717001597
Qwen3-32B_tp2_ctx1024_bs1,Qwen3-32B,2,1,1024,57,0.08176533256967862,0.776709330578645,0.8073066637540857,0.8890719963237643,0.08629866565267245,0.042671999583641686,0.08940800031026204,0.5583306650320689
Qwen3-32B_tp2_ctx1024_bs1,Qwen3-32B,2,1,1024,58,0.08044799789786339,0.7760106734931469,0.8064693397221466,0.88691733762001,0.0863199991484483,0.04274666681885719,0.09010666732986768,0.5568373401959738
Qwen3-32B_tp2_ctx1024_bs1,Qwen3-32B,2,1,1024,59,0.08059733112653096,0.774234668041269,0.8042133343406022,0.8848106654671332,0.08655466636021932,0.04292266629636288,0.08785599966843922,0.5569013357162476
Qwen3-32B_tp2_ctx1024_bs1,Qwen3-32B,2,1,1024,60,0.0799039974808693,0.7748533406605322,0.8042773402606447,0.884181337741514,0.08588266621033351,0.04283200018107891,0.08975466713309288,0.556384007136027
Qwen3-32B_tp2_ctx1024_bs1,Qwen3-32B,2,1,1024,61,0.08135999863346417,0.775077333052953,0.8049546661786735,0.8863146648121377,0.08686933293938637,0.04266133283575376,0.08906666686137517,0.5564800004164377
Qwen3-32B_tp2_ctx1024_bs1,Qwen3-32B,2,1,1024,62,0.08020266393820445,0.7765280144910017,0.8066613477033873,0.8868640116415917,0.08673599983255069,0.04298133278886477,0.08952533329526584,0.5572853485743204
Qwen3-32B_tp2_ctx1024_bs1,Qwen3-32B,2,1,1024,63,0.07993066435058911,0.7765866791208585,0.806608012256523,0.8865386766071122,0.08658133322993915,0.042703999827305474,0.08874666690826416,0.5585546791553497
Qwen3-32B_tp2_ctx1024_bs16,Qwen3-32B,2,16,1024,0,0.18130133797725043,1.0154133352140586,1.0444640022857736,1.225765340263024,0.13987733299533525,0.07766933366656303,0.17762666568160057,0.6202400028705597
Qwen3-32B_tp2_ctx1024_bs16,Qwen3-32B,2,16,1024,1,0.12390933185815811,0.8649226843068998,0.9001600177337726,1.0240693495919309,0.0960800014436245,0.050320000077287354,0.11094933251539867,0.6075733502705892
Qwen3-32B_tp2_ctx1024_bs16,Qwen3-32B,2,16,1024,2,0.12183466429511706,0.8554773324479659,0.888213332897673,1.01004799719279,0.09403733536601067,0.0469333336999019,0.10981866468985875,0.6046879986921946
Qwen3-32B_tp2_ctx1024_bs16,Qwen3-32B,2,16,1024,3,0.11937066540122032,0.8556320015341043,0.8883573347702622,1.0077280001714826,0.0933280015985171,0.04592533347507318,0.11185600111881892,0.6045226653416952
Qwen3-32B_tp2_ctx1024_bs16,Qwen3-32B,2,16,1024,4,0.11735999832550685,0.8545120097696781,0.8864053428793947,1.0037653412049015,0.0924160008629163,0.04577599962552389,0.11034666622678439,0.6059733430544535
Qwen3-32B_tp2_ctx1024_bs16,Qwen3-32B,2,16,1024,5,0.11634133259455363,0.8510506631185611,0.8845066633075476,1.0008479959021013,0.09296533465385437,0.04613333381712437,0.10781333222985268,0.6041386624177297
Qwen3-32B_tp2_ctx1024_bs16,Qwen3-32B,2,16,1024,6,0.11669333279132843,0.8501280148824055,0.8821653481572866,0.9988586809486151,0.09227733438213666,0.04453866680463155,0.10868800058960915,0.6046240131060282
Qwen3-32B_tp2_ctx1024_bs16,Qwen3-32B,2,16,1024,7,0.11648533244927724,0.8554186808566252,0.8865920139166216,1.0030773463658988,0.09331200147668521,0.044682666659355164,0.11299733072519302,0.6044266819953918
Qwen3-32B_tp2_ctx1024_bs16,Qwen3-32B,2,16,1024,8,0.1154453344643116,0.8479200104872385,0.8793920103150109,0.9948373447793225,0.0915413349866867,0.04431466634074847,0.1080746663113435,0.6039893428484598
Qwen3-32B_tp2_ctx1024_bs16,Qwen3-32B,2,16,1024,9,0.114656001329422,0.8494239983459314,0.8805866649684807,0.9952426662979027,0.09333866834640503,0.04433599983652433,0.1066133330265681,0.605135997136434
Qwen3-32B_tp2_ctx1024_bs16,Qwen3-32B,2,16,1024,10,0.11753599966565768,0.8479679984351,0.8788479981012642,0.9963839977669219,0.09223466863234837,0.04492266724507014,0.10803733393549919,0.6027733286221822
Qwen3-32B_tp2_ctx1024_bs16,Qwen3-32B,2,16,1024,11,0.11412266766031583,0.8457973239322503,0.8773333239369094,0.9914559915972253,0.09163200110197067,0.044357333332300186,0.10577599952618282,0.6040319899717966
Qwen3-32B_tp2_ctx1024_bs16,Qwen3-32B,2,16,1024,12,0.11455466598272324,0.8487626668065786,0.8808373332334062,0.9953919992161294,0.09197866792480151,0.046341332917412124,0.10579199964801471,0.6046506663163503
Qwen3-32B_tp2_ctx1024_bs16,Qwen3-32B,2,16,1024,13,0.11492800215880077,0.8470826745033264,0.8786560081255933,0.993584010284394,0.0920960009098053,0.04454933355251948,0.10691199948390324,0.6035253405570984
Qwen3-32B_tp2_ctx1024_bs16,Qwen3-32B,2,16,1024,14,0.11363199974099795,0.8445813246071339,0.8761226578305165,0.9897546575715144,0.09175466746091843,0.04477866739034653,0.10513066624601682,0.602917323509852
Qwen3-32B_tp2_ctx1024_bs16,Qwen3-32B,2,16,1024,15,0.1144640011092027,0.846005342900753,0.8770880093798041,0.9915520104890069,0.09160533423225085,0.045066667099793754,0.10601066673795383,0.6033226748307546
Qwen3-32B_tp2_ctx1024_bs16,Qwen3-32B,2,16,1024,16,0.11530666674176852,0.8478133256236712,0.879301325728496,0.9946079924702644,0.0920053335527579,0.04474133377273878,0.10673599938551585,0.6043306589126587
Qwen3-32B_tp2_ctx1024_bs16,Qwen3-32B,2,16,1024,17,0.11442666749159495,0.8461866689225038,0.8777333356750509,0.9921600031666458,0.09284266829490662,0.04426133384307226,0.10596266761422157,0.6031199991703033
Qwen3-32B_tp2_ctx1024_bs16,Qwen3-32B,2,16,1024,18,0.11349333326021831,0.8490346639106671,0.8814666639082134,0.9949599971684316,0.09212266777952512,0.044192000602682434,0.10912533476948738,0.6035946607589722
Qwen3-32B_tp2_ctx1024_bs16,Qwen3-32B,2,16,1024,19,0.11469333246350288,0.8468959958602985,0.8781226626597345,0.9928159951232374,0.09168533484141032,0.04410133324563503,0.10751466701428096,0.6035946607589722
Qwen3-32B_tp2_ctx1024_bs16,Qwen3-32B,2,16,1024,20,0.114826666812102,0.850176002830267,0.8814773357783755,0.9963040025904775,0.09419200072685878,0.04533866668740908,0.10627733419338863,0.6043680012226105
Qwen3-32B_tp2_ctx1024_bs16,Qwen3-32B,2,16,1024,21,0.11391466483473778,0.8455573301762342,0.8772533300022285,0.9911679948369663,0.09193600093324979,0.04393599989513556,0.10628799969951312,0.6033973296483358
Qwen3-32B_tp2_ctx1024_bs16,Qwen3-32B,2,16,1024,22,0.11396266768376033,0.8501066689689953,0.8820373353858788,0.9960000030696391,0.09235733499129613,0.04437866682807604,0.10941333199540774,0.6039573351542155
Qwen3-32B_tp2_ctx1024_bs16,Qwen3-32B,2,16,1024,23,0.11466666807730992,0.8485120087862015,0.8801546754936378,0.9948213435709478,0.09113600105047226,0.045989333341519036,0.1067040003836155,0.6046826740105947
Qwen3-32B_tp2_ctx1024_bs16,Qwen3-32B,2,16,1024,24,0.11379733433326085,0.8462026566267014,0.8777973234343032,0.9915946577675641,0.09197866792480151,0.04437866682807604,0.10569600015878677,0.604149321715037
Qwen3-32B_tp2_ctx1024_bs16,Qwen3-32B,2,16,1024,25,0.1143946684896946,0.8479680034021536,0.8796800031947593,0.9940746716844538,0.09214400003353755,0.04481066639224688,0.10754133264223735,0.6034720043341318
Qwen3-32B_tp2_ctx1024_bs16,Qwen3-32B,2,16,1024,26,0.11585066591699918,0.8477279947449763,0.8789653279818594,0.9948159938988587,0.09162666648626328,0.04598399934669336,0.10767466699083646,0.6024426619211832
Qwen3-32B_tp2_ctx1024_bs16,Qwen3-32B,2,16,1024,27,0.11496000240246455,0.8483733311295509,0.8797119975400468,0.9946719999425113,0.09261333445707957,0.04615466669201851,0.10612266634901364,0.6034826636314392
Qwen3-32B_tp2_ctx1024_bs16,Qwen3-32B,2,16,1024,28,0.11329600214958191,0.8473600018769503,0.8810666684682171,0.994362670617799,0.09194666768113773,0.04358399969836076,0.10630399982134502,0.6055253346761068
Qwen3-32B_tp2_ctx1024_bs16,Qwen3-32B,2,16,1024,29,0.11485866829752922,0.8479093325634798,0.8791679991409183,0.9940266674384475,0.09147200112541516,0.044394666949907936,0.10889066755771637,0.6031519969304403
Qwen3-32B_tp2_ctx1024_bs16,Qwen3-32B,2,16,1024,30,0.11388799796501796,0.8449280069520075,0.8759786731873949,0.9898666711524128,0.09159466748436292,0.044106666619578995,0.10574933389822642,0.6034773389498392
Qwen3-32B_tp2_ctx1024_bs16,Qwen3-32B,2,16,1024,31,0.11405333504080772,0.8428800006707509,0.8737706672400236,0.9878240022808313,0.09144533425569534,0.04371733342607816,0.10513066624601682,0.6025866667429606
Qwen3-32B_tp2_ctx1024_bs16,Qwen3-32B,2,16,1024,32,0.1135733351111412,0.8486240015675625,0.88096000176544,0.9945333368765812,0.09235733499129613,0.04413333348929882,0.10698666671911876,0.6051466663678488
Qwen3-32B_tp2_ctx1024_bs16,Qwen3-32B,2,16,1024,33,0.1145653339723746,0.8479786577324072,0.8795626574816803,0.9941279914540548,0.09163733447591464,0.044015999883413315,0.10817066704233487,0.6041546563307444
Qwen3-32B_tp2_ctx1024_bs16,Qwen3-32B,2,16,1024,34,0.11440000062187512,0.849616010983785,0.8810933441855013,0.9954933448073765,0.09210666765769322,0.04461866617202759,0.10596800098816554,0.6069226761658987
Qwen3-32B_tp2_ctx1024_bs16,Qwen3-32B,2,16,1024,35,0.11554133395353954,0.8538026673098406,0.8853813341508309,1.0009226681043704,0.09195733442902565,0.044058666874965034,0.11416533216834068,0.6036213338375092
Qwen3-32B_tp2_ctx1024_bs16,Qwen3-32B,2,16,1024,36,0.11366400122642517,0.8595786641041437,0.8913439973257482,1.0050079985521734,0.09199466804663341,0.04438400020202001,0.11178666601578395,0.6114133298397064
Qwen3-32B_tp2_ctx1024_bs16,Qwen3-32B,2,16,1024,37,0.11363733311494191,0.8488853281984726,0.8806239947055777,0.9942613278205197,0.09213333452741305,0.04656533462305864,0.10697066659728686,0.6032159924507141
Qwen3-32B_tp2_ctx1024_bs16,Qwen3-32B,2,16,1024,38,0.11431999877095222,0.8480000079919894,0.8800906746958692,0.9944106734668214,0.09189866731564204,0.04414400023718675,0.10723199943701427,0.6047253410021464
Qwen3-32B_tp2_ctx1024_bs16,Qwen3-32B,2,16,1024,39,0.11502933253844579,0.8484479996065298,0.8794293330671886,0.9944586656056345,0.09177600095669429,0.04717866703867912,0.10612799972295761,0.6033653318881989
Qwen3-32B_tp2_ctx1024_bs16,Qwen3-32B,2,16,1024,40,0.11412800227602322,0.8459040050705274,0.8774506718230745,0.9915786740990977,0.09175466746091843,0.044053333501021065,0.10679466774066289,0.603301336367925
Qwen3-32B_tp2_ctx1024_bs16,Qwen3-32B,2,16,1024,41,0.11297599971294403,0.845813322191437,0.8769653222213188,0.9899413219342629,0.09314133351047833,0.044298666839798294,0.1050879992544651,0.6032853225866953
Qwen3-32B_tp2_ctx1024_bs16,Qwen3-32B,2,16,1024,42,0.1151093343893687,0.8458613337328036,0.8772693335389097,0.9923786679282783,0.09205866729219754,0.0448959997544686,0.10594666625062625,0.6029600004355112
Qwen3-32B_tp2_ctx1024_bs16,Qwen3-32B,2,16,1024,43,0.1131253329416116,0.8440159882108371,0.8762559879881641,0.9893813209297757,0.09115200117230415,0.04373333354791006,0.10514666512608528,0.6039839883645376
Qwen3-32B_tp2_ctx1024_bs16,Qwen3-32B,2,16,1024,44,0.11381866534550984,0.8461600095033646,0.8793813423253596,0.9932000076708695,0.0922880011300246,0.044570665806531906,0.10543466607729594,0.6038666764895121
Qwen3-32B_tp2_ctx1024_bs16,Qwen3-32B,2,16,1024,45,0.11325866729021072,0.8469333350658417,0.8787786684309443,0.992037335721155,0.0916266677280267,0.043573333571354546,0.107744000852108,0.6039893329143524
Qwen3-32B_tp2_ctx1024_bs16,Qwen3-32B,2,16,1024,46,0.11333866541584332,0.8459786809980869,0.8769973476106921,0.9903360130265355,0.09195733442902565,0.04438400020202001,0.10600533336400986,0.6036320130030314
Qwen3-32B_tp2_ctx1024_bs16,Qwen3-32B,2,16,1024,47,0.1165813331802686,0.8459679993490378,0.8773653327176968,0.9939466658979654,0.09206933404008548,0.04394133264819781,0.1071253331998984,0.6028319994608561
Qwen3-32B_tp2_ctx1024_bs16,Qwen3-32B,2,16,1024,48,0.11324266716837883,0.8461493253707886,0.8770773254024485,0.9903199925708274,0.09107200056314468,0.04419733335574468,0.10605866710344951,0.6048213243484497
Qwen3-32B_tp2_ctx1024_bs16,Qwen3-32B,2,16,1024,49,0.11400000130136807,0.8463786759724219,0.8772640093229711,0.9912640106243392,0.09160533423225085,0.045605333521962166,0.10654933378100395,0.602618674437205
Qwen3-32B_tp2_ctx1024_bs16,Qwen3-32B,2,16,1024,50,0.1122560016810894,0.8486400004476309,0.8804000002952913,0.9926560019763807,0.09157333398858707,0.04383466703196367,0.10643733416994412,0.606794665257136
Qwen3-32B_tp2_ctx1024_bs16,Qwen3-32B,2,16,1024,51,0.11585600053270657,0.8627040050923824,0.8942666716563205,1.010122672189027,0.091024000197649,0.044165333112080894,0.12313066671291988,0.6043840050697327
Qwen3-32B_tp2_ctx1024_bs16,Qwen3-32B,2,16,1024,52,0.1158826674024264,0.8478773236274719,0.8791946570078533,0.9950773244102796,0.09172800059119861,0.044501333187023796,0.10765866686900456,0.603989322980245
Qwen3-32B_tp2_ctx1024_bs16,Qwen3-32B,2,16,1024,53,0.11343466738859813,0.8464159934471052,0.8787733263646563,0.9922079937532544,0.09189866731564204,0.04477866676946481,0.10647999991973241,0.6032586594422659
Qwen3-32B_tp2_ctx1024_bs16,Qwen3-32B,2,16,1024,54,0.11529066786170006,0.8532266722371181,0.8841600053322812,0.9994506731939813,0.09247466797629993,0.044453333442409836,0.11043200020988782,0.6058666706085205
Qwen3-32B_tp2_ctx1024_bs16,Qwen3-32B,2,16,1024,55,0.11313599968949954,0.8466720109184583,0.8776853441571196,0.9908213438466191,0.09145066762963931,0.043818666289250054,0.10732800016800563,0.6040746768315634
Qwen3-32B_tp2_ctx1024_bs16,Qwen3-32B,2,16,1024,56,0.11366399998466174,0.8463626702626547,0.8778666698684295,0.9915306698530912,0.09147733449935913,0.0444160004456838,0.10667199889818828,0.6037973364194235
Qwen3-32B_tp2_ctx1024_bs16,Qwen3-32B,2,16,1024,57,0.11295466745893161,0.8453813294569652,0.8768106626036267,0.9897653300625583,0.09165333459774654,0.04497599974274635,0.1063466655711333,0.602405329545339
Qwen3-32B_tp2_ctx1024_bs16,Qwen3-32B,2,16,1024,58,0.1136639987428983,0.8455626703798771,0.876368003586928,0.9900320023298264,0.09156266848246257,0.044202666729688644,0.10666666676600774,0.6031306684017181
Qwen3-32B_tp2_ctx1024_bs16,Qwen3-32B,2,16,1024,59,0.11428799976905187,0.8467786684632301,0.8782826685346663,0.9925706683037182,0.09282666817307472,0.04454933355251948,0.10718933368722598,0.6022133330504099
Qwen3-32B_tp2_ctx1024_bs16,Qwen3-32B,2,16,1024,60,0.11280000085632007,0.8457599896937609,0.8767146564399202,0.9895146572962402,0.09092266733447711,0.043775999918580055,0.10628799969951312,0.6047733227411906
Qwen3-32B_tp2_ctx1024_bs16,Qwen3-32B,2,16,1024,61,0.11325333267450333,0.8448000041147072,0.8761440043648083,0.9893973370393117,0.09114133442441623,0.044026666631301246,0.10653333241740863,0.6030986706415812
Qwen3-32B_tp2_ctx1024_bs16,Qwen3-32B,2,16,1024,62,0.11338666702310245,0.8439999942978222,0.8743893279073138,0.9877759949304162,0.09248533472418785,0.04449066643913587,0.10508266588052113,0.6019413272539774
Qwen3-32B_tp2_ctx1024_bs16,Qwen3-32B,2,16,1024,63,0.1136000007390976,0.8427200006941955,0.8737653340213001,0.9873653347603977,0.09147200112541516,0.043712000052134194,0.10474133243163426,0.6027946670850118
Qwen3-32B_tp2_ctx1024_bs64,Qwen3-32B,2,64,1024,0,0.1830933317542076,1.0045759944866102,1.0281599946320057,1.2112533263862133,0.13854399820168814,0.06435733226438363,0.15435733397801718,0.6473173300425211
Qwen3-32B_tp2_ctx1024_bs64,Qwen3-32B,2,64,1024,1,0.13476800049344698,0.8827093280851841,0.9170346613973379,1.051802661890785,0.09625600030024846,0.04965866729617119,0.11274666587511699,0.6240479946136475
Qwen3-32B_tp2_ctx1024_bs64,Qwen3-32B,2,64,1024,2,0.13091733554999033,0.8746506764243046,0.9071253429477413,1.0380426784977317,0.09451733405391376,0.04718399979174137,0.11185066526134808,0.6210986773173014
Qwen3-32B_tp2_ctx1024_bs64,Qwen3-32B,2,64,1024,3,0.1275199974576632,0.8724213192860285,0.9042079861586292,1.0317279836162925,0.09366400043169658,0.04553066690762838,0.11186133325099945,0.6213653186957041
Qwen3-32B_tp2_ctx1024_bs64,Qwen3-32B,2,64,1024,4,0.1267733337978522,0.8735840121905009,0.9055520120697717,1.0323253458676238,0.09366400167346,0.04668800036112467,0.11432533338665962,0.6189066767692566
Qwen3-32B_tp2_ctx1024_bs64,Qwen3-32B,2,64,1024,5,0.12443733339508374,0.8722079892953237,0.9034933224320412,1.0279306558271248,0.0956319992740949,0.04650666688879331,0.10988800103465717,0.6201813220977783
Qwen3-32B_tp2_ctx1024_bs64,Qwen3-32B,2,64,1024,6,0.12390399848421414,0.8710986574490864,0.9035519904767473,1.0274559889609614,0.09381866827607155,0.04570666700601578,0.1100746678809325,0.6214986542860667
Qwen3-32B_tp2_ctx1024_bs64,Qwen3-32B,2,64,1024,7,0.12404799958070119,0.8727040011435747,0.9047146677039564,1.0287626672846575,0.09339733421802521,0.045226666455467544,0.11326933279633522,0.6208106676737467
Qwen3-32B_tp2_ctx1024_bs64,Qwen3-32B,2,64,1024,8,0.12449599926670392,0.8703199978917837,0.9021386648528278,1.0266346641195316,0.09318400050203006,0.045008000607291855,0.11129066596428554,0.6208373308181763
Qwen3-32B_tp2_ctx1024_bs64,Qwen3-32B,2,64,1024,9,0.12287999813755353,0.8761653279264768,0.9090559945131341,1.0319359926506877,0.09371733417113622,0.04573333263397217,0.11503466963768005,0.6216799914836884
Qwen3-32B_tp2_ctx1024_bs64,Qwen3-32B,2,64,1024,10,0.12368000050385793,0.8749119974672794,0.9067999975134929,1.030479998017351,0.09477333476146062,0.04602666695912679,0.11349333450198174,0.6206186612447103
Qwen3-32B_tp2_ctx1024_bs64,Qwen3-32B,2,64,1024,11,0.12144000207384427,0.8743360030154387,0.905818669591099,1.0272586716649432,0.09299200152357419,0.04604800045490265,0.11311999956766765,0.6221760014692942
Qwen3-32B_tp2_ctx1024_bs64,Qwen3-32B,2,64,1024,12,0.12180800239245097,0.8718186666568121,0.903072000015527,1.024880002407978,0.0931520015001297,0.04553066690762838,0.1127946674823761,0.6203413307666779
Qwen3-32B_tp2_ctx1024_bs64,Qwen3-32B,2,64,1024,13,0.12147200107574463,0.8770400000115236,0.9086186666972935,1.0300906677730381,0.09382933378219604,0.044826666514078774,0.11220800007383029,0.6261759996414185
Qwen3-32B_tp2_ctx1024_bs64,Qwen3-32B,2,64,1024,14,0.12596799805760384,0.8686719952772062,0.9003626621949177,1.0263306602525215,0.09282666817307472,0.044405333076914154,0.11181866750121117,0.6196213265260061
Qwen3-32B_tp2_ctx1024_bs64,Qwen3-32B,2,64,1024,15,0.12193066875139873,0.868208009749651,0.9003946765636405,1.0223253453150392,0.09340266635020573,0.0455573337773482,0.10910933464765549,0.6201386749744415
Qwen3-32B_tp2_ctx1024_bs64,Qwen3-32B,2,64,1024,16,0.1217280017832915,0.8737280089408159,0.9053866756148636,1.0271146773981552,0.09383466715614001,0.04457066642741362,0.11390400057037671,0.6214186747868856
Qwen3-32B_tp2_ctx1024_bs64,Qwen3-32B,2,64,1024,17,0.12123733510573705,0.8761920053511858,0.9083306719549,1.029568007060637,0.09405866637825966,0.04496000024179617,0.11733866731325786,0.6198346714178721
Qwen3-32B_tp2_ctx1024_bs64,Qwen3-32B,2,64,1024,18,0.12183466677864392,0.8680426577727001,0.8997173244133592,1.021551991192003,0.09334400047858556,0.04470400015513102,0.11274666835864385,0.6172479887803396
Qwen3-32B_tp2_ctx1024_bs64,Qwen3-32B,2,64,1024,19,0.12238933642705281,0.8714133258908987,0.9029546591142813,1.0253439955413342,0.09289066741863887,0.04602666633824507,0.11180266613761584,0.6206933259963989
Qwen3-32B_tp2_ctx1024_bs64,Qwen3-32B,2,64,1024,20,0.12213333571950595,0.8706080093979836,0.9016106758887569,1.0237440116082628,0.0929440011580785,0.045365333557128906,0.11244799941778183,0.6198506752649943
Qwen3-32B_tp2_ctx1024_bs64,Qwen3-32B,2,64,1024,21,0.1208320011695226,0.8687093400706848,0.900085339943568,1.0209173411130905,0.0929600012799104,0.04427199997007847,0.1121759998301665,0.6193013389905294
Qwen3-32B_tp2_ctx1024_bs64,Qwen3-32B,2,64,1024,22,0.12270933389663696,0.8713653503606716,0.9031466830832263,1.0258560169798634,0.09446400155623753,0.04493866674602032,0.11241600041588147,0.6195466816425323
Qwen3-32B_tp2_ctx1024_bs64,Qwen3-32B,2,64,1024,23,0.12113600224256516,0.8690826569994291,0.9006133233197033,1.0217493255622685,0.09318933511773746,0.04410133386651675,0.11021333436171214,0.6215786536534628
Qwen3-32B_tp2_ctx1024_bs64,Qwen3-32B,2,64,1024,24,0.12140266721447308,0.8711199977745613,0.9020906640216708,1.0234933312361438,0.09278400118152301,0.04788266681134701,0.10970666756232579,0.6207466622193655
Qwen3-32B_tp2_ctx1024_bs64,Qwen3-32B,2,64,1024,25,0.12171199917793274,0.8702666846414407,0.9019306843789915,1.0236426835569241,0.09324800223112106,0.04592000072201093,0.11179733276367188,0.6193013489246368
Qwen3-32B_tp2_ctx1024_bs64,Qwen3-32B,2,64,1024,26,0.12134400258461635,0.868842676281929,0.9001920095955332,1.0215360121801496,0.09323733299970627,0.04447999969124794,0.11156266803542773,0.6195626755555471
Qwen3-32B_tp2_ctx1024_bs64,Qwen3-32B,2,64,1024,27,0.12169600029786427,0.8691466562449932,0.9024373230834802,1.0241333233813446,0.0936960019171238,0.044576000422239304,0.11032533273100853,0.6205493211746216
Qwen3-32B_tp2_ctx1024_bs64,Qwen3-32B,2,64,1024,28,0.12185066814223926,0.8700000047683716,0.9011626715461413,1.0230133396883805,0.09300800164540608,0.04541333392262459,0.11096533263723056,0.6206133365631104
Qwen3-32B_tp2_ctx1024_bs64,Qwen3-32B,2,64,1024,29,0.12156800056497256,0.8679839974890152,0.8986986638046801,1.0202666643696527,0.09320000186562538,0.04594666697084904,0.10937066624561946,0.6194666624069214
Qwen3-32B_tp2_ctx1024_bs64,Qwen3-32B,2,64,1024,30,0.12205866724252701,0.8697280008345842,0.9016320010026296,1.0236906682451568,0.0933386671046416,0.04460266667107741,0.11251200114687283,0.6192746659119924
Qwen3-32B_tp2_ctx1024_bs64,Qwen3-32B,2,64,1024,31,0.12027733400464058,0.8701653406023979,0.9015146736055613,1.0217920076102018,0.09366933380564053,0.044346666584412255,0.11115200072526932,0.6209973394870758
Qwen3-32B_tp2_ctx1024_bs64,Qwen3-32B,2,64,1024,32,0.12250133355458577,0.8731893201669056,0.9054133202880621,1.0279146538426478,0.09397866701086362,0.04490666712323824,0.11208000282446544,0.6222239832083384
Qwen3-32B_tp2_ctx1024_bs64,Qwen3-32B,2,64,1024,33,0.1201493355135123,0.8696746565401554,0.9013706563661497,1.021519991879662,0.09421866883834203,0.044149332990249,0.11059200018644333,0.6207146545251211
Qwen3-32B_tp2_ctx1024_bs64,Qwen3-32B,2,64,1024,34,0.12167467052737872,0.868112014606595,0.899210681207478,1.0208853517348568,0.09329600135485332,0.045519999538858734,0.10897600154081981,0.6203200121720632
Qwen3-32B_tp2_ctx1024_bs64,Qwen3-32B,2,64,1024,35,0.12163200229406357,0.8713973375658194,0.9026133371517062,1.0242453394457698,0.0922773356239001,0.04505066697796186,0.11388266831636429,0.6201866666475931
Qwen3-32B_tp2_ctx1024_bs64,Qwen3-32B,2,64,1024,36,0.12017066776752472,0.8680213478704293,0.8989066809105376,1.0190773486780622,0.0926933338244756,0.04385066653291384,0.11197866747776668,0.6194986800352732
Qwen3-32B_tp2_ctx1024_bs64,Qwen3-32B,2,64,1024,37,0.12164800117413203,0.8669173258046309,0.8975733256277939,1.019221326801926,0.0933280015985171,0.04491200049718221,0.10935466612378757,0.619322657585144
Qwen3-32B_tp2_ctx1024_bs64,Qwen3-32B,2,64,1024,38,0.12254933267831802,0.8698933199048042,0.9008319865291318,1.02338131920745,0.09318933387597401,0.04389866689840952,0.11210666845242183,0.6206986506779989
Qwen3-32B_tp2_ctx1024_bs64,Qwen3-32B,2,64,1024,39,0.1212853342294693,0.8692586614439886,0.9002186617193123,1.0215039959487817,0.09291733428835869,0.04620799981057644,0.10964266707499822,0.6204906602700552
Qwen3-32B_tp2_ctx1024_bs64,Qwen3-32B,2,64,1024,40,0.12142399946848552,0.8751413219918807,0.9057493217599888,1.0271733212284744,0.09238400186101596,0.04412266674141089,0.11776000012954076,0.6208746532599131
Qwen3-32B_tp2_ctx1024_bs64,Qwen3-32B,2,64,1024,41,0.12012266988555591,0.8689920033017794,0.900218669945995,1.0203413398315508,0.09299733489751816,0.04436800008018812,0.1119360017279784,0.6196906665960947
Qwen3-32B_tp2_ctx1024_bs64,Qwen3-32B,2,64,1024,42,0.12063999970753987,0.8672213392953078,0.8974186728398005,1.0180586725473404,0.09364266817768414,0.044880000253518425,0.10961600144704182,0.6190826694170634
Qwen3-32B_tp2_ctx1024_bs64,Qwen3-32B,2,64,1024,43,0.11996266866723697,0.867024000113209,0.8972853333689272,1.0172480020361643,0.09261333445707957,0.043919999773303665,0.1080746663113435,0.6224159995714823
Qwen3-32B_tp2_ctx1024_bs64,Qwen3-32B,2,64,1024,44,0.12079466879367828,0.8718293321629365,0.9033013319907088,1.0240960007843871,0.0932106686135133,0.04400533313552538,0.1105919989446799,0.6240213314692179
Qwen3-32B_tp2_ctx1024_bs64,Qwen3-32B,2,64,1024,45,0.12270933265487353,0.8664373296002547,0.8972053296553592,1.0199146623102326,0.09252266834179561,0.04384533315896988,0.11052266632517178,0.6195466617743174
Qwen3-32B_tp2_ctx1024_bs64,Qwen3-32B,2,64,1024,46,0.12096533427635829,0.8663413412868977,0.8965813415125012,1.0175466757888596,0.0931680016219616,0.04419199998180071,0.11004799976944923,0.6189333399136862
Qwen3-32B_tp2_ctx1024_bs64,Qwen3-32B,2,64,1024,47,0.12109866738319397,0.8663626685738564,0.897264001891017,1.018362669274211,0.0931680016219616,0.044837333261966705,0.10932800049583118,0.6190293331940969
Qwen3-32B_tp2_ctx1024_bs64,Qwen3-32B,2,64,1024,48,0.11997333417336146,0.8671733165780704,0.8980693163660666,1.018042650539428,0.09301333501935005,0.04388266677657763,0.11070399979750316,0.6195733149846395
Qwen3-32B_tp2_ctx1024_bs64,Qwen3-32B,2,64,1024,49,0.12143466745813687,0.8679040068139633,0.898501339989404,1.0199360074475408,0.09333333497246106,0.04460266667107741,0.11079466715455055,0.6191733380158743
Qwen3-32B_tp2_ctx1024_bs64,Qwen3-32B,2,64,1024,50,0.11979733407497406,0.8674986734986305,0.8983146734535694,1.0181120075285435,0.092698668440183,0.04370666667819023,0.11109866822759311,0.6199946701526642
Qwen3-32B_tp2_ctx1024_bs64,Qwen3-32B,2,64,1024,51,0.12013333290815353,0.866853341460228,0.8981653414666653,1.0182986743748188,0.0929440011580785,0.044165333112080894,0.10998400052388509,0.6197600066661835
Qwen3-32B_tp2_ctx1024_bs64,Qwen3-32B,2,64,1024,52,0.12083733330170314,0.8687413421769936,0.8995840090016524,1.0204213423033555,0.09248000135024388,0.04556266715129217,0.11035733297467232,0.6203413407007853
Qwen3-32B_tp2_ctx1024_bs64,Qwen3-32B,2,64,1024,53,0.12023466701308887,0.8678559915473064,0.8979573251369098,1.0181919921499987,0.09267733494440715,0.04563200039168199,0.10937066872914632,0.6201759874820709
Qwen3-32B_tp2_ctx1024_bs64,Qwen3-32B,2,64,1024,54,0.12029866750041644,0.867466676980257,0.8981973432625333,1.0184960107629497,0.09318400174379349,0.04395199939608574,0.11032000184059143,0.6200106739997864
Qwen3-32B_tp2_ctx1024_bs64,Qwen3-32B,2,64,1024,55,0.11924266691009204,0.8677706594268481,0.898133325856179,1.017375992766271,0.09251733496785164,0.04390400027235349,0.11104000111420949,0.6203093230724335
Qwen3-32B_tp2_ctx1024_bs64,Qwen3-32B,2,64,1024,56,0.12014933427174886,0.8675733314206203,0.8977386645662288,1.0178879988379776,0.0923626683652401,0.04374933304886023,0.11100266749660175,0.6204586625099182
Qwen3-32B_tp2_ctx1024_bs64,Qwen3-32B,2,64,1024,57,0.12065066893895467,0.8694826774299145,0.9001173440677425,1.0207680130066972,0.09310933450857799,0.04449066643913587,0.11343466738859813,0.6184480090936025
Qwen3-32B_tp2_ctx1024_bs64,Qwen3-32B,2,64,1024,58,0.12068800007303555,0.8668640019992987,0.8968213352685173,1.0175093353415527,0.0928000013033549,0.043818666289250054,0.11017599950234096,0.6200693349043528
Qwen3-32B_tp2_ctx1024_bs64,Qwen3-32B,2,64,1024,59,0.12009066591660182,0.8659946527332067,0.8966826524895927,1.0167733184061944,0.09286400054891904,0.04405333288013935,0.10841066638628642,0.6206666529178619
Qwen3-32B_tp2_ctx1024_bs64,Qwen3-32B,2,64,1024,60,0.11943466837207477,0.8641973379999399,0.8948266711086035,1.0142613394806783,0.09259733433524768,0.04350933370490869,0.10809599980711937,0.6199946701526642
Qwen3-32B_tp2_ctx1024_bs64,Qwen3-32B,2,64,1024,61,0.12061333283782005,0.8709226548671722,0.90162665474539,1.0222399875832102,0.09346666683753331,0.04407466699679693,0.11282666524251302,0.620554655790329
Qwen3-32B_tp2_ctx1024_bs64,Qwen3-32B,2,64,1024,62,0.12145066882173221,0.8671146693329016,0.897664002298067,1.0191146711197991,0.09331733485062917,0.044165333112080894,0.11064000055193901,0.6189920008182526
Qwen3-32B_tp2_ctx1024_bs64,Qwen3-32B,2,64,1024,63,0.11994666854540507,0.8688746628661951,0.8993439959983032,1.0192906645437083,0.09278400118152301,0.04421866685152054,0.11199466635783513,0.6198773284753164
Qwen3-32B_tp2_ctx128_bs1,Qwen3-32B,2,1,128,0,0.1050879992544651,0.8320373184978962,0.8541973183552425,0.9592853176097076,0.10495466490586598,0.055674667159716286,0.10994133229056995,0.561466654141744
Qwen3-32B_tp2_ctx128_bs1,Qwen3-32B,2,1,128,1,0.09084800134102504,0.7909599964817364,0.8235306631152828,0.9143786644563078,0.08787199979027112,0.04967466617623965,0.09298133353392284,0.5604319969813029
Qwen3-32B_tp2_ctx128_bs1,Qwen3-32B,2,1,128,2,0.0870506651699543,0.7881386758138736,0.819770675773422,0.9068213409433763,0.08722666651010513,0.046826666221022606,0.0966133326292038,0.5574720104535421
Qwen3-32B_tp2_ctx128_bs1,Qwen3-32B,2,1,128,3,0.08471466600894928,0.7827093427379926,0.8138773424240451,0.8985920084329944,0.08736533299088478,0.04488533362746239,0.09249600023031235,0.5579626758893331
Qwen3-32B_tp2_ctx128_bs1,Qwen3-32B,2,1,128,4,0.08467199901739757,0.7855786625295877,0.8161546625196934,0.9008266615370909,0.08710399890939395,0.04491733325024446,0.09270933270454407,0.5608479976654053
Qwen3-32B_tp2_ctx128_bs1,Qwen3-32B,2,1,128,5,0.0828906645377477,0.7829226702451706,0.8137066701116661,0.8965973346494138,0.08653333286444347,0.044309332966804504,0.09298133353392284,0.5590986708799998
Qwen3-32B_tp2_ctx128_bs1,Qwen3-32B,2,1,128,6,0.08251733208696048,0.7842293325811625,0.8147253325829903,0.8972426646699507,0.08681066582600276,0.04635733303924402,0.09268266707658768,0.558378666639328
Qwen3-32B_tp2_ctx128_bs1,Qwen3-32B,2,1,128,7,0.08248533184329669,0.783647995442152,0.8185173280847569,0.9010026599280535,0.08735466624299686,0.04504000023007393,0.09392533327142398,0.5573279956976572
Qwen3-32B_tp2_ctx128_bs1,Qwen3-32B,2,1,128,8,0.08230399837096532,0.7811573346455891,0.8115093344822526,0.893813332853218,0.08684266606966655,0.044165333112080894,0.09193066755930583,0.5582186679045359
Qwen3-32B_tp2_ctx128_bs1,Qwen3-32B,2,1,128,9,0.08205333227912585,0.7791946846991777,0.8090720178248981,0.8911253501040239,0.08665066584944725,0.044410666450858116,0.08992533385753632,0.5582080185413361
Qwen3-32B_tp2_ctx128_bs1,Qwen3-32B,2,1,128,10,0.08176533132791519,0.7795306773235401,0.8102346772017578,0.892000008529673,0.08665599922339122,0.04500266723334789,0.09031466643015544,0.5575573444366455
Qwen3-32B_tp2_ctx128_bs1,Qwen3-32B,2,1,128,11,0.08397866661349933,0.780149333178997,0.8117279995543262,0.8957066661678255,0.08656533310810725,0.04486400013168653,0.09046933427453041,0.5582506656646729
Qwen3-32B_tp2_ctx128_bs1,Qwen3-32B,2,1,128,12,0.08182933181524277,0.7809120075156292,0.8106880074677368,0.8925173392829796,0.08700266604622205,0.04427199997007847,0.09192533294359843,0.5577120085557302
Qwen3-32B_tp2_ctx128_bs1,Qwen3-32B,2,1,128,13,0.0824533315996329,0.7842933318267267,0.8147306647151709,0.8971839963148037,0.08709866677721341,0.04609600019951662,0.09318400050203006,0.5579146643479665
Qwen3-32B_tp2_ctx128_bs1,Qwen3-32B,2,1,128,14,0.08160533135135968,0.779744007314245,0.8103733404229085,0.8919786717742683,0.08668799946705501,0.04363733343780041,0.0912106658021609,0.5582080086072286
Qwen3-32B_tp2_ctx128_bs1,Qwen3-32B,2,1,128,15,0.08297599852085114,0.7789653353393078,0.8090080018155277,0.8919840003363788,0.08661333347360294,0.04454933355251948,0.09194133430719376,0.5558613340059916
Qwen3-32B_tp2_ctx128_bs1,Qwen3-32B,2,1,128,16,0.08155733222762744,0.7782080012063185,0.8083786680363119,0.8899360002639393,0.08634666601816814,0.04392533376812935,0.09033599992593129,0.5576000014940897
Qwen3-32B_tp2_ctx128_bs1,Qwen3-32B,2,1,128,17,0.08398933211962382,0.779338678965966,0.8089333456009626,0.8929226777205864,0.08681066582600276,0.04421866685152054,0.09107733393708865,0.557232012351354
Qwen3-32B_tp2_ctx128_bs1,Qwen3-32B,2,1,128,18,0.08292799815535545,0.7816960091392199,0.8118400090994934,0.8947680072548488,0.08659199873606364,0.04382399966319402,0.09352000057697296,0.5577600101629893
Qwen3-32B_tp2_ctx128_bs1,Qwen3-32B,2,1,128,19,0.08094933132330577,0.7794186652948459,0.809583998285234,0.8905333296085397,0.08699733267227809,0.04356799957652887,0.09059733276565869,0.5582560002803802
Qwen3-32B_tp2_ctx128_bs1,Qwen3-32B,2,1,128,20,0.08054399738709132,0.7829279955476522,0.8139039954791467,0.894447992866238,0.08691199993093808,0.04432000033557415,0.09093866621454556,0.5607573290665945
Qwen3-32B_tp2_ctx128_bs1,Qwen3-32B,2,1,128,21,0.08343999832868576,0.7819360047578812,0.8121973377031585,0.8956373360318443,0.08669866621494293,0.04371733342607816,0.09114133442441623,0.5603786706924438
Qwen3-32B_tp2_ctx128_bs1,Qwen3-32B,2,1,128,22,0.08161066472530365,0.7797386745611826,0.8096640075867375,0.8912746723120412,0.08655999973416328,0.044159999738136925,0.09147199988365173,0.5575466752052307
Qwen3-32B_tp2_ctx128_bs1,Qwen3-32B,2,1,128,23,0.08142399787902832,0.7789226720730463,0.8088693382839361,0.8902933361629645,0.08636799951394399,0.04407466699679693,0.09008000046014786,0.5584000051021576
Qwen3-32B_tp2_ctx128_bs1,Qwen3-32B,2,1,128,24,0.08246399834752083,0.7808960092564423,0.8112853422450522,0.893749340592573,0.08805866663654645,0.04403200000524521,0.09142400075991948,0.5573813418547312
Qwen3-32B_tp2_ctx128_bs1,Qwen3-32B,2,1,128,25,0.08157333234945933,0.7805333460370699,0.810485346087565,0.8920586784370242,0.08674666658043861,0.04385066653291384,0.09117333342631657,0.5587626794974009
Qwen3-32B_tp2_ctx128_bs1,Qwen3-32B,2,1,128,26,0.08039466540018718,0.7774933377901713,0.8079360045182208,0.8883306699184079,0.08656533310810725,0.04346666609247526,0.09030400092403094,0.5571573376655579
Qwen3-32B_tp2_ctx128_bs1,Qwen3-32B,2,1,128,27,0.08264533181985219,0.7853173402448496,0.8153440069096785,0.8979893387295307,0.08682133257389069,0.04410133386651675,0.09433600058158238,0.5600586732228597
Qwen3-32B_tp2_ctx128_bs1,Qwen3-32B,2,1,128,28,0.08078399797280629,0.7774400096386671,0.8079946761329968,0.8887786741058031,0.08604266618688901,0.043658666933576264,0.08998400097091992,0.5577546755472819
Qwen3-32B_tp2_ctx128_bs1,Qwen3-32B,2,1,128,29,0.08103466406464577,0.7783680086334547,0.8085386751530071,0.8895733392176529,0.08636799951394399,0.04533866668740908,0.08911466722687085,0.5575466752052307
Qwen3-32B_tp2_ctx128_bs1,Qwen3-32B,2,1,128,30,0.08215999975800514,0.7785333444674809,0.8097653441751996,0.8919253439332048,0.08690133194128673,0.043791999419530235,0.09031466643015544,0.5575253466765085
Qwen3-32B_tp2_ctx128_bs1,Qwen3-32B,2,1,128,31,0.08097066606084506,0.7787146717309952,0.8089280049316585,0.8898986709925035,0.0869813325504462,0.04385066653291384,0.08956266691287358,0.5583200057347616
Qwen3-32B_tp2_ctx128_bs1,Qwen3-32B,2,1,128,32,0.0812853326400121,0.7817653249949217,0.8125439916426936,0.8938293242827058,0.086453332255284,0.04404266613225142,0.09258666634559631,0.5586826602617899
Qwen3-32B_tp2_ctx128_bs1,Qwen3-32B,2,1,128,33,0.08114133154352506,0.7786826665202776,0.8091733331481615,0.8903146646916866,0.08635733276605606,0.04365333293875059,0.09045333291093509,0.5582186679045359
Qwen3-32B_tp2_ctx128_bs1,Qwen3-32B,2,1,128,34,0.08240533123413722,0.7818666758636634,0.8121173423714936,0.8945226736056308,0.08733333274722099,0.04355200007557869,0.09314133351047833,0.5578400095303854
Qwen3-32B_tp2_ctx128_bs1,Qwen3-32B,2,1,128,35,0.08104533205429713,0.7788106600443522,0.8087733268427352,0.8898186588970323,0.08636266614000003,0.044202666729688644,0.09001599997282028,0.5582293272018433
Qwen3-32B_tp2_ctx128_bs1,Qwen3-32B,2,1,128,36,0.08297066514690717,0.7799840004493793,0.8099306666602691,0.8929013318071763,0.08716266602277756,0.043925333147247635,0.09158399949471156,0.5573120017846426
Qwen3-32B_tp2_ctx128_bs1,Qwen3-32B,2,1,128,37,0.08161599809924762,0.7799946789940199,0.8100586789660156,0.8916746770652632,0.08679466570417087,0.04375466704368591,0.09088533247510593,0.5585600137710571
Qwen3-32B_tp2_ctx128_bs1,Qwen3-32B,2,1,128,38,0.08054399738709132,0.7814026766767104,0.8113013431429863,0.8918453405300776,0.08701333279410998,0.04395733339091142,0.09316800038019817,0.5572640101114908
Qwen3-32B_tp2_ctx128_bs1,Qwen3-32B,2,1,128,39,0.08123733103275299,0.7808000116298596,0.810672011381636,0.891909342414389,0.08676266670227051,0.045274666820963226,0.09120533366998036,0.5575573444366455
Qwen3-32B_tp2_ctx128_bs1,Qwen3-32B,2,1,128,40,0.08277866492668788,0.7781226641188065,0.8097066640232999,0.8924853289499878,0.0865279994904995,0.04346666671335697,0.09079466760158539,0.5573333303133646
Qwen3-32B_tp2_ctx128_bs1,Qwen3-32B,2,1,128,41,0.08119999741514523,0.7789333313703537,0.8090293314307928,0.8902293288459381,0.08620799953738849,0.04389333352446556,0.0912853330373764,0.5575466652711233
Qwen3-32B_tp2_ctx128_bs1,Qwen3-32B,2,1,128,42,0.08191999793052673,0.7784106756250063,0.8082986758090556,0.8902186737395823,0.08684266606966655,0.04400533313552538,0.09013866757353146,0.557424008846283
Qwen3-32B_tp2_ctx128_bs1,Qwen3-32B,2,1,128,43,0.08111466591556867,0.7782293396691481,0.8084266729031999,0.8895413388187686,0.08671466633677483,0.04383466641108195,0.08993600060542424,0.5577440063158671
Qwen3-32B_tp2_ctx128_bs1,Qwen3-32B,2,1,128,44,0.08257066458463669,0.7794293326636156,0.8094719992950559,0.8920426638796926,0.0871146668990453,0.043909333646297455,0.09065600112080574,0.557749330997467
Qwen3-32B_tp2_ctx128_bs1,Qwen3-32B,2,1,128,45,0.08072533210118611,0.7783626740177472,0.8084746740447978,0.8892000061459839,0.08669866621494293,0.04381333291530609,0.09084266672531764,0.5570080081621805
Qwen3-32B_tp2_ctx128_bs1,Qwen3-32B,2,1,128,46,0.08337599908312161,0.7792053334414959,0.809701333132883,0.8930773322160046,0.08716266602277756,0.043157332887252174,0.09198933343092601,0.5568960011005402
Qwen3-32B_tp2_ctx128_bs1,Qwen3-32B,2,1,128,47,0.08135466650128365,0.7785440062483152,0.8084213393740356,0.8897760058753192,0.08628266553084056,0.043973332891861595,0.09062400087714195,0.5576640069484711
Qwen3-32B_tp2_ctx128_bs1,Qwen3-32B,2,1,128,48,0.08134399975339572,0.7766719988236824,0.8065813321930666,0.8879253319464623,0.08719999964038531,0.043551999454696975,0.08869866654276848,0.5572213331858317
Qwen3-32B_tp2_ctx128_bs1,Qwen3-32B,2,1,128,49,0.08101333305239677,0.7792000050346057,0.8094186714539926,0.8904320045063894,0.08655466636021932,0.04370133330424627,0.09075200061003368,0.5581920047601064
Qwen3-32B_tp2_ctx128_bs1,Qwen3-32B,2,1,128,50,0.08239466448624928,0.7792853303253651,0.8094079966346422,0.8918026611208916,0.0865866666038831,0.04354666670163473,0.09177599971493085,0.5573759973049164
Qwen3-32B_tp2_ctx128_bs1,Qwen3-32B,2,1,128,51,0.08123733227451642,0.7798773422837257,0.8100373420553904,0.8912746743299068,0.08669333284099896,0.04372800017396609,0.09198933343092601,0.5574666758378347
Qwen3-32B_tp2_ctx128_bs1,Qwen3-32B,2,1,128,52,0.0823359986146291,0.7790293376892805,0.8088586707599461,0.8911946693745753,0.08645866562922795,0.04353066595892111,0.09083733210961024,0.5582026739915212
Qwen3-32B_tp2_ctx128_bs1,Qwen3-32B,2,1,128,53,0.08042666440208752,0.7781226697067419,0.8080160027990738,0.8884426672011614,0.08618666604161263,0.04395199939608574,0.09148800000548363,0.5564960042635599
Qwen3-32B_tp2_ctx128_bs1,Qwen3-32B,2,1,128,54,0.08228799949089687,0.7797173261642456,0.8097493263582389,0.8920373258491358,0.08703466628988583,0.04436800008018812,0.09091733396053314,0.5573973258336385
Qwen3-32B_tp2_ctx128_bs1,Qwen3-32B,2,1,128,55,0.08069333185752232,0.7772480106602113,0.8073813438725969,0.8880746757301192,0.08705066641171773,0.04395200001696745,0.08889600013693173,0.5573493440945944
Qwen3-32B_tp2_ctx128_bs1,Qwen3-32B,2,1,128,56,0.08288533240556717,0.7781066733102003,0.8081013398865858,0.890986672292153,0.08666666597127914,0.04371733342607816,0.09084266672531764,0.5568800071875254
Qwen3-32B_tp2_ctx128_bs1,Qwen3-32B,2,1,128,57,0.08045866464575131,0.7802506790806849,0.8102133457238475,0.8906720103695989,0.08670933296283086,0.043247999623417854,0.09202666704853375,0.5582666794459025
Qwen3-32B_tp2_ctx128_bs1,Qwen3-32B,2,1,128,58,0.0858026680847009,0.7825280018150806,0.8125706684465209,0.8983733365312219,0.08667199934522311,0.04380266616741816,0.0927946666876475,0.5592586696147919
Qwen3-32B_tp2_ctx128_bs1,Qwen3-32B,2,1,128,59,0.08062399799625079,0.7799466674526533,0.8098720006334285,0.8904959986296792,0.08621866628527641,0.04389333352446556,0.09232000013192494,0.5575146675109863
Qwen3-32B_tp2_ctx128_bs1,Qwen3-32B,2,1,128,60,0.08140799899895985,0.7817600059012572,0.8115626725678642,0.8929706715668241,0.08699199929833412,0.043791999419530235,0.09347199896971385,0.557504008213679
Qwen3-32B_tp2_ctx128_bs1,Qwen3-32B,2,1,128,61,0.08100266506274541,0.780394671484828,0.8105120047306021,0.8915146697933476,0.08771733318765958,0.04359999982019266,0.09100800007581711,0.5580693384011587
Qwen3-32B_tp2_ctx128_bs1,Qwen3-32B,2,1,128,62,0.08215466514229774,0.7764053363353014,0.8061226696396867,0.8882773347819845,0.086453332255284,0.043002666905522346,0.08929599945743878,0.5576533377170563
Qwen3-32B_tp2_ctx128_bs1,Qwen3-32B,2,1,128,63,0.0806879997253418,0.7565226703882217,0.7863893367660542,0.867077336491396,0.0867039995888869,0.04350399971008301,0.09002666796247165,0.5362880031267802
Qwen3-32B_tp2_ctx128_bs16,Qwen3-32B,2,16,128,0,0.16072399821132421,1.024480003863573,1.0596240040613338,1.220348002272658,0.15548399835824966,0.07703599985688925,0.17713600117713213,0.614824004471302
Qwen3-32B_tp2_ctx128_bs16,Qwen3-32B,2,16,128,1,0.10150400083512068,0.850939990952611,0.8860399913974106,0.9875439922325313,0.09538800176233053,0.04999599978327751,0.10743600036948919,0.5981199890375137
Qwen3-32B_tp2_ctx128_bs16,Qwen3-32B,2,16,128,2,0.09365600068122149,0.8442800012417138,0.8783600013703108,0.9720160020515323,0.09293200168758631,0.04762399988248944,0.10621200036257505,0.597511999309063
Qwen3-32B_tp2_ctx128_bs16,Qwen3-32B,2,16,128,3,0.09200400020927191,0.8423520005308092,0.8754520004149526,0.9674560006242245,0.09126800112426281,0.04699999978765845,0.10741200111806393,0.596671998500824
Qwen3-32B_tp2_ctx128_bs16,Qwen3-32B,2,16,128,4,0.0911600012332201,0.8412960013374686,0.873676001210697,0.9648360024439171,0.09088800102472305,0.046712000854313374,0.10556800104677677,0.5981279984116554
Qwen3-32B_tp2_ctx128_bs16,Qwen3-32B,2,16,128,5,0.09030799940228462,0.8414599914103746,0.8742559914244339,0.9645639908267185,0.09098400082439184,0.046176000498235226,0.10728399828076363,0.597015991806984
Qwen3-32B_tp2_ctx128_bs16,Qwen3-32B,2,16,128,6,0.09121599979698658,0.8426599991507828,0.8746799990767613,0.9658959988737479,0.090896001085639,0.04633200028911233,0.10906799882650375,0.5963639989495277
Qwen3-32B_tp2_ctx128_bs16,Qwen3-32B,2,16,128,7,0.08879199903458357,0.837068016640842,0.8695760164409876,0.9583680154755712,0.09113200102001429,0.04513600002974272,0.10451999958604574,0.5962800160050392
Qwen3-32B_tp2_ctx128_bs16,Qwen3-32B,2,16,128,8,0.08996399957686663,0.8411999912932515,0.8730039912043139,0.9629679907811806,0.09056400042027235,0.04625200014561415,0.10680799838155508,0.5975759923458099
Qwen3-32B_tp2_ctx128_bs16,Qwen3-32B,2,16,128,9,0.08921199943870306,0.8402160028927028,0.8718720028409734,0.9610840022796765,0.09046400059014559,0.045136000495404005,0.10643999930471182,0.5981760025024414
Qwen3-32B_tp2_ctx128_bs16,Qwen3-32B,2,16,128,10,0.0897839991375804,0.840976002626121,0.8730600024573505,0.9628440015949309,0.09099200088530779,0.045327999629080296,0.10880800057202578,0.5958480015397072
Qwen3-32B_tp2_ctx128_bs16,Qwen3-32B,2,16,128,11,0.08929199911653996,0.8399040014483035,0.8718960013939068,0.9611880005104467,0.09096400067210197,0.045364000368863344,0.10627599991858006,0.5973000004887581
Qwen3-32B_tp2_ctx128_bs16,Qwen3-32B,2,16,128,12,0.08989599999040365,0.8411160022951663,0.8735480018658563,0.96344400185626,0.09151200111955404,0.046196000184863806,0.1060399990528822,0.5973680019378662
Qwen3-32B_tp2_ctx128_bs16,Qwen3-32B,2,16,128,13,0.08829999901354313,0.8421119851991534,0.8743199852760881,0.9626199842896312,0.09119200054556131,0.0453119995072484,0.1083399998024106,0.5972679853439331
Qwen3-32B_tp2_ctx128_bs16,Qwen3-32B,2,16,128,14,0.08617999870330095,0.8384959832765162,0.8711359832668677,0.9573159819701687,0.090680000372231,0.04455999983474612,0.10606000013649464,0.5971959829330444
Qwen3-32B_tp2_ctx128_bs16,Qwen3-32B,2,16,128,15,0.0877879997715354,0.8356919968500733,0.8672919967211783,0.9550799964927137,0.09096800070255995,0.04447200056165457,0.10492399986833334,0.5953279957175255
Qwen3-32B_tp2_ctx128_bs16,Qwen3-32B,2,16,128,16,0.08709200005978346,0.8382759978994727,0.8699479979695752,0.9570399980293587,0.09044400043785572,0.045540000312030315,0.10568800009787083,0.5966039970517159
Qwen3-32B_tp2_ctx128_bs16,Qwen3-32B,2,16,128,17,0.08613199926912785,0.835719998460263,0.8672119982074946,0.9533439974766225,0.0908200005069375,0.044884000439196825,0.10368799977004528,0.5963279977440834
Qwen3-32B_tp2_ctx128_bs16,Qwen3-32B,2,16,128,18,0.08705199882388115,0.8390439888462424,0.8707479888107628,0.9577999876346439,0.09062400087714195,0.045036000199615955,0.10722400061786175,0.5961599871516228
Qwen3-32B_tp2_ctx128_bs16,Qwen3-32B,2,16,128,19,0.08769199997186661,0.8389839949086308,0.870899994741194,0.9585919947130606,0.09106000140309334,0.04468400031328201,0.10624799970537424,0.5969919934868813
Qwen3-32B_tp2_ctx128_bs16,Qwen3-32B,2,16,128,20,0.08753599878400564,0.8395639909431338,0.8715999909909442,0.9591359897749498,0.09057600051164627,0.045540000312030315,0.10420800000429153,0.5992399901151657
Qwen3-32B_tp2_ctx128_bs16,Qwen3-32B,2,16,128,21,0.0859359996393323,0.8361799879930913,0.8677719875704497,0.953707987209782,0.09166800137609243,0.04470399999991059,0.10364799946546555,0.5961599871516228
Qwen3-32B_tp2_ctx128_bs16,Qwen3-32B,2,16,128,22,0.08694399986416101,0.836079990491271,0.868071990320459,0.95501599018462,0.09021600056439638,0.044796000234782696,0.10480399988591671,0.5962639898061752
Qwen3-32B_tp2_ctx128_bs16,Qwen3-32B,2,16,128,23,0.09642800036817789,1.3112359927035868,1.3467039929237217,1.4431319932918996,0.09585199970752001,0.04943199967965484,0.5677999891340733,0.5981520041823387
Qwen3-32B_tp2_ctx128_bs16,Qwen3-32B,2,16,128,24,0.08983999956399202,0.8435280011035502,0.8762560014147311,0.9660960009787232,0.09064400102943182,0.045415999833494425,0.10905199963599443,0.5984160006046295
Qwen3-32B_tp2_ctx128_bs16,Qwen3-32B,2,16,128,25,0.0873879985883832,0.8434240012429655,0.8768320011440665,0.9642199997324497,0.09076800104230642,0.04677600087597966,0.10740399919450283,0.5984760001301765
Qwen3-32B_tp2_ctx128_bs16,Qwen3-32B,2,16,128,26,0.08927199989557266,0.8467040094546974,0.8784560095518827,0.9677280094474554,0.09117600042372942,0.045067999977618456,0.11229200102388859,0.5981680080294609
Qwen3-32B_tp2_ctx128_bs16,Qwen3-32B,2,16,128,27,0.08795599918812513,0.8419560054317117,0.8739600054686889,0.961916004656814,0.09124800097197294,0.04469600040465593,0.10845200065523386,0.5975600033998489
Qwen3-32B_tp2_ctx128_bs16,Qwen3-32B,2,16,128,28,0.09011999983340502,0.8469039872288704,0.8791159871034324,0.9692359869368374,0.090616000816226,0.04825600050389767,0.11202799901366234,0.5960039868950844
Qwen3-32B_tp2_ctx128_bs16,Qwen3-32B,2,16,128,29,0.08843600004911423,0.840743996668607,0.8727159963455051,0.9611519963946193,0.09120400063693523,0.04479599976912141,0.10736799985170364,0.5973759964108467
Qwen3-32B_tp2_ctx128_bs16,Qwen3-32B,2,16,128,30,0.0877279993146658,0.8423199970275164,0.873863996588625,0.9615919959032908,0.09056800045073032,0.04478800017386675,0.10912400018423796,0.5978399962186813
Qwen3-32B_tp2_ctx128_bs16,Qwen3-32B,2,16,128,31,0.08865599986165762,0.842088014818728,0.8741760151460767,0.9628320150077343,0.09054800122976303,0.04478800017386675,0.11069599911570549,0.5960560142993927
Qwen3-32B_tp2_ctx128_bs16,Qwen3-32B,2,16,128,32,0.0874600000679493,0.8451160076074302,0.876744007342495,0.9642040074104443,0.09112000092864037,0.045692000072449446,0.11206400021910667,0.5962400063872337
Qwen3-32B_tp2_ctx128_bs16,Qwen3-32B,2,16,128,33,0.08770400006324053,0.8424079953692853,0.8747799952980131,0.9624839953612536,0.0909799998626113,0.045163999777287245,0.10773999895900488,0.5985239967703819
Qwen3-32B_tp2_ctx128_bs16,Qwen3-32B,2,16,128,34,0.08736399933695793,0.8460999992676079,0.8784959992626682,0.9658599985996261,0.09099200088530779,0.045232000295072794,0.11190399993211031,0.597971998155117
Qwen3-32B_tp2_ctx128_bs16,Qwen3-32B,2,16,128,35,0.08954799920320511,0.8428280004300177,0.8749560005962849,0.96450399979949,0.09041200019419193,0.04439999954774976,0.11087200045585632,0.5971440002322197
Qwen3-32B_tp2_ctx128_bs16,Qwen3-32B,2,16,128,36,0.08852799981832504,0.8441479881294072,0.8764159879647195,0.9649439877830446,0.09105200041085482,0.04618000006303191,0.1098600011318922,0.5970559865236282
Qwen3-32B_tp2_ctx128_bs16,Qwen3-32B,2,16,128,37,0.08689199853688478,0.8434279984794557,0.875711998087354,0.9626039966242388,0.09371600113809109,0.04473200021311641,0.10837600007653236,0.5966039970517159
Qwen3-32B_tp2_ctx128_bs16,Qwen3-32B,2,16,128,38,0.08791599981486797,0.8419359936378896,0.8750919938320294,0.9630079936468974,0.090616000816226,0.04505999991670251,0.10877199936658144,0.5974879935383797
Qwen3-32B_tp2_ctx128_bs16,Qwen3-32B,2,16,128,39,0.09547199960798025,0.8425399931147695,0.8741759931435809,0.9696479927515611,0.08871200028806925,0.04540400020778179,0.11227199994027615,0.5961519926786423
Qwen3-32B_tp2_ctx128_bs16,Qwen3-32B,2,16,128,40,0.08773599937558174,0.8390839989297092,0.8717119990615174,0.9594479984370992,0.09064000099897385,0.04472400015220046,0.10751600004732609,0.5962039977312088
Qwen3-32B_tp2_ctx128_bs16,Qwen3-32B,2,16,128,41,0.08740399964153767,0.841387995518744,0.8741039952728897,0.9615079949144274,0.09143600054085255,0.04491200018674135,0.10803999938070774,0.5969999954104424
Qwen3-32B_tp2_ctx128_bs16,Qwen3-32B,2,16,128,42,0.08715199958533049,0.844012011308223,0.8765040109865367,0.9636560105718672,0.0918160006403923,0.04526399960741401,0.1094080014154315,0.5975240096449852
Qwen3-32B_tp2_ctx128_bs16,Qwen3-32B,2,16,128,43,0.087695999071002,0.8424359946511686,0.8739839948248118,0.9616799938958138,0.09078800026327372,0.04551999969407916,0.10915999952703714,0.5969679951667786
Qwen3-32B_tp2_ctx128_bs16,Qwen3-32B,2,16,128,44,0.08952399995177984,0.8407759983092546,0.8723999981302768,0.9619239980820566,0.09092400036752224,0.0446560001000762,0.10822000075131655,0.5969759970903397
Qwen3-32B_tp2_ctx128_bs16,Qwen3-32B,2,16,128,45,0.08616399951279163,0.8411919940263033,0.8737039940897375,0.9598679936025292,0.09102800022810698,0.04508400056511164,0.10678399913012981,0.5982959941029549
Qwen3-32B_tp2_ctx128_bs16,Qwen3-32B,2,16,128,46,0.08841199986636639,0.8445720039308071,0.8765640037599951,0.9649760036263615,0.09189200028777122,0.04496399965137243,0.11111600045114756,0.5966000035405159
Qwen3-32B_tp2_ctx128_bs16,Qwen3-32B,2,16,128,47,0.08684800006449223,0.8447759971022606,0.8759319968521595,0.9627799969166517,0.09256000071763992,0.04589200019836426,0.1097240000963211,0.5965999960899353
Qwen3-32B_tp2_ctx128_bs16,Qwen3-32B,2,16,128,48,0.08687999937683344,0.8388839992694557,0.8715879992814735,0.9584679986583069,0.08927999995648861,0.0447480003349483,0.10824800096452236,0.5966079980134964
Qwen3-32B_tp2_ctx128_bs16,Qwen3-32B,2,16,128,49,0.08641999959945679,0.8392360177822411,0.8710760177345946,0.9574960173340514,0.09041600115597248,0.045055999886244535,0.10791199933737516,0.5958520174026489
Qwen3-32B_tp2_ctx128_bs16,Qwen3-32B,2,16,128,50,0.08600399922579527,0.8425319981761277,0.8749679978936911,0.9609719971194863,0.09059600066393614,0.04572000028565526,0.10839999932795763,0.5978159978985786
Qwen3-32B_tp2_ctx128_bs16,Qwen3-32B,2,16,128,51,0.08674799930304289,0.8401879910379648,0.8722079910803586,0.9589559903834015,0.09040400013327599,0.04572799988090992,0.10713199898600578,0.5969239920377731
Qwen3-32B_tp2_ctx128_bs16,Qwen3-32B,2,16,128,52,0.08729599975049496,0.8394839940592647,0.8715159939602017,0.9588119937106967,0.09063600096851587,0.04502000007778406,0.10658399853855371,0.597243994474411
Qwen3-32B_tp2_ctx128_bs16,Qwen3-32B,2,16,128,53,0.08834799937903881,0.8414479955099523,0.8734359953086823,0.9617839946877211,0.09032400045543909,0.04493199987336993,0.10922400001436472,0.5969679951667786
Qwen3-32B_tp2_ctx128_bs16,Qwen3-32B,2,16,128,54,0.08737199939787388,0.8391639888286591,0.8712799890199676,0.9586519884178415,0.09084400068968534,0.04440400004386902,0.10787199903279543,0.5960439890623093
Qwen3-32B_tp2_ctx128_bs16,Qwen3-32B,2,16,128,55,0.08746800012886524,0.8388199904002249,0.8700159902218729,0.9574839903507382,0.09038800094276667,0.04507200000807643,0.10610399954020977,0.5972559899091721
Qwen3-32B_tp2_ctx128_bs16,Qwen3-32B,2,16,128,56,0.08847600035369396,0.8412480093538761,0.8736240094294772,0.9621000097831711,0.09084800072014332,0.04433200042694807,0.10836399998515844,0.5977040082216263
Qwen3-32B_tp2_ctx128_bs16,Qwen3-32B,2,16,128,57,0.08832400012761354,0.84500000346452,0.8766640032408759,0.9649880033684894,0.09078800119459629,0.04502000007778406,0.11027600057423115,0.5989160016179085
Qwen3-32B_tp2_ctx128_bs16,Qwen3-32B,2,16,128,58,0.0889879995957017,0.846243993844837,0.878895993810147,0.9678839934058487,0.09099200088530779,0.04530400084331632,0.11256400123238564,0.5973839908838272
Qwen3-32B_tp2_ctx128_bs16,Qwen3-32B,2,16,128,59,0.08732399996370077,0.8413119888864458,0.8729039886966348,0.9602279886603355,0.09073200076818466,0.04551600059494376,0.10747599974274635,0.597587987780571
Qwen3-32B_tp2_ctx128_bs16,Qwen3-32B,2,16,128,60,0.08688399940729141,0.8397600040771067,0.8724600039422512,0.9593440033495426,0.09039200097322464,0.044940000865608454,0.10758399963378906,0.5968440026044846
Qwen3-32B_tp2_ctx128_bs16,Qwen3-32B,2,16,128,61,0.08726799953728914,0.839375997427851,0.8716479972936213,0.9589159968309104,0.09065600112080574,0.04511600034311414,0.10678800009191036,0.5968159958720207
Qwen3-32B_tp2_ctx128_bs16,Qwen3-32B,2,16,128,62,0.08872400037944317,0.8408880075439811,0.8739120073150843,0.9626360076945275,0.0909760007634759,0.0448599997907877,0.10859199985861778,0.5964600071310997
Qwen3-32B_tp2_ctx128_bs16,Qwen3-32B,2,16,128,63,0.08779199980199337,0.8271320075727999,0.8590960076544434,0.9468880074564368,0.09126400016248226,0.045452000107616186,0.1090279994532466,0.5813880078494549
Qwen3-32B_tp2_ctx128_bs64,Qwen3-32B,2,64,128,0,0.21506132930517197,1.5864266641438007,1.619514664169401,1.834575993474573,0.22407467290759087,0.11062400291363399,0.48588265975316364,0.7658453285694122
Qwen3-32B_tp2_ctx128_bs64,Qwen3-32B,2,64,128,1,0.12264533216754596,1.048005343725284,1.0843733437359333,1.2070186759034793,0.10440533235669136,0.054474666714668274,0.1682826653122902,0.7208426793416342
Qwen3-32B_tp2_ctx128_bs64,Qwen3-32B,2,64,128,2,0.11582933490475018,1.0364213145027559,1.0717439809814095,1.1875733158861597,0.10174933200081189,0.0495840006818374,0.16512000064055124,0.7199679811795553
Qwen3-32B_tp2_ctx128_bs64,Qwen3-32B,2,64,128,3,0.11673599978288014,1.0292373169213533,1.0640693164120116,1.1808053161948917,0.10149333129326503,0.04811733402311802,0.16307199994723,0.7165546516577402
Qwen3-32B_tp2_ctx128_bs64,Qwen3-32B,2,64,128,4,0.11313066631555557,1.0296159889549017,1.0639839886377256,1.1771146549532812,0.1013119990626971,0.04832533312340578,0.16182933251063028,0.7181493242581686
Qwen3-32B_tp2_ctx128_bs64,Qwen3-32B,2,64,128,5,0.11520533387859662,1.039813334743182,1.0751200012552242,1.1903253351338208,0.1017226663728555,0.04964800054828326,0.16924799730380377,0.7191946705182394
Qwen3-32B_tp2_ctx128_bs64,Qwen3-32B,2,64,128,6,0.11420800040165584,1.0286186529944341,1.0617493192354839,1.1759573196371398,0.10103999823331833,0.04718399979174137,0.1620479996005694,0.7183466553688049
Qwen3-32B_tp2_ctx128_bs64,Qwen3-32B,2,64,128,7,0.11316266780098279,1.0290986535449822,1.0618986538611352,1.175061321662118,0.1016426645219326,0.04631466666857401,0.1645706668496132,0.7165706555048624
Qwen3-32B_tp2_ctx128_bs64,Qwen3-32B,2,64,128,8,0.11308266595005989,1.0260640053699415,1.0595840051149328,1.1726666710649927,0.10134933143854141,0.04696000056962172,0.15958400070667267,0.7181706726551056
Qwen3-32B_tp2_ctx128_bs64,Qwen3-32B,2,64,128,9,0.11136533319950104,1.025823990503947,1.0602399905522664,1.1716053237517674,0.09983466689785321,0.04761066660284996,0.1622559999426206,0.7161226570606232
Qwen3-32B_tp2_ctx128_bs64,Qwen3-32B,2,64,128,10,0.11144533256689708,1.0262133268018563,1.0593066603566208,1.170751992923518,0.09969599917531013,0.04696533332268397,0.16343999654054642,0.7161119977633158
Qwen3-32B_tp2_ctx128_bs64,Qwen3-32B,2,64,128,11,0.10913066565990448,1.0272639989852905,1.0641439990140498,1.1732746646739542,0.10044266656041145,0.04702400043606758,0.16344000150760016,0.7163573304812113
Qwen3-32B_tp2_ctx128_bs64,Qwen3-32B,2,64,128,12,0.111135999361674,1.027999997138977,1.0613386638772986,1.1724746632389726,0.10183999811609586,0.04721066728234291,0.16348799814780554,0.7154613335927328
Qwen3-32B_tp2_ctx128_bs64,Qwen3-32B,2,64,128,13,0.10938666636745135,1.0235306564718485,1.0593173227583368,1.1687039891257882,0.1001440001030763,0.04626133355001608,0.15939733386039734,0.7177279889583588
Qwen3-32B_tp2_ctx128_bs64,Qwen3-32B,2,64,128,14,0.11635199934244156,1.0246346599111955,1.0574879930354655,1.173839992377907,0.09974399954080582,0.04676800034940243,0.16024533162514368,0.7178773283958435
Qwen3-32B_tp2_ctx128_bs64,Qwen3-32B,2,64,128,15,0.10927999888857205,1.019621331244707,1.052890664897859,1.162170663786431,0.09970133379101753,0.045765332877635956,0.16009599715471268,0.7140586674213409
Qwen3-32B_tp2_ctx128_bs64,Qwen3-32B,2,64,128,16,0.11208000034093857,1.0247040049483378,1.0578240053728223,1.1699040057137609,0.09991466626524925,0.045648000513513885,0.1605973318219185,0.7185440063476562
Qwen3-32B_tp2_ctx128_bs64,Qwen3-32B,2,64,128,17,0.1084853323797385,1.0235786512494087,1.0573493181727827,1.1658346505525212,0.10089599837859471,0.046911999583244324,0.15950400133927664,0.7162666519482931
Qwen3-32B_tp2_ctx128_bs64,Qwen3-32B,2,64,128,18,0.10960533221562703,1.0214400043090184,1.0548213372627895,1.1644266694784164,0.1004106638332208,0.046560000628232956,0.15786133209864298,0.7166080077489217
Qwen3-32B_tp2_ctx128_bs64,Qwen3-32B,2,64,128,19,0.10985599954922994,1.0230133297542732,1.0552373297202091,1.165093329269439,0.10081066687901814,0.04698133344451586,0.15865599860747656,0.7165653308232626
Qwen3-32B_tp2_ctx128_bs64,Qwen3-32B,2,64,128,20,0.11161600053310394,1.0275519968320925,1.0644533302014072,1.1760693307345111,0.10038399696350098,0.04625066680212816,0.1593866671125094,0.7215306659539541
Qwen3-32B_tp2_ctx128_bs64,Qwen3-32B,2,64,128,21,0.11106133336822192,1.0248160002132256,1.0599413332529366,1.1710026666211586,0.10035199796160062,0.045882667104403176,0.16075733304023743,0.7178240021069845
Qwen3-32B_tp2_ctx128_bs64,Qwen3-32B,2,64,128,22,0.10922133301695187,1.0270453349997601,1.0646186688294015,1.1738400018463533,0.10067199915647507,0.0460533332079649,0.16075199842453003,0.71956800421079
Qwen3-32B_tp2_ctx128_bs64,Qwen3-32B,2,64,128,23,0.10931733250617981,1.0199413256098826,1.0532586585419874,1.1625759910481672,0.10035733257730801,0.045936000222961106,0.15908800065517426,0.7145599921544393
Qwen3-32B_tp2_ctx128_bs64,Qwen3-32B,2,64,128,24,0.10997866590817769,1.0223199979712565,1.0564799977776904,1.166458663685868,0.10003199925025304,0.04579733374218146,0.16088000188271204,0.71561066309611
Qwen3-32B_tp2_ctx128_bs64,Qwen3-32B,2,64,128,25,0.10884266595045726,1.0236159997681777,1.0577599994527798,1.166602665403237,0.10009600097934405,0.04673066735267639,0.1592639982700348,0.7175253331661224
Qwen3-32B_tp2_ctx128_bs64,Qwen3-32B,2,64,128,26,0.10860266536474228,1.030416004980604,1.0635626714987059,1.1721653368634481,0.1001440001030763,0.04698133406539758,0.15991466492414474,0.7233760058879852
Qwen3-32B_tp2_ctx128_bs64,Qwen3-32B,2,64,128,27,0.10883199920256932,1.0232800133526325,1.0564693465518455,1.1653013457544148,0.10067733253041904,0.045728000501791634,0.1582079976797104,0.7186666826407114
Qwen3-32B_tp2_ctx128_bs64,Qwen3-32B,2,64,128,28,0.10983999942739804,1.0206186634798844,1.0532906632870436,1.1631306627144415,0.09944533308347066,0.04809599990646044,0.15799466520547867,0.7150826652844747
Qwen3-32B_tp2_ctx128_bs64,Qwen3-32B,2,64,128,29,0.1083519992729028,1.0268639965603747,1.0603093296910324,1.1686613289639352,0.10075199976563454,0.04670399986207485,0.16230933368206024,0.7170986632506052
Qwen3-32B_tp2_ctx128_bs64,Qwen3-32B,2,64,128,30,0.1087519998351733,1.0316266765197117,1.068997343070805,1.1777493429059784,0.09983466441432635,0.04679466659824053,0.1681226665774981,0.7168746789296468
Qwen3-32B_tp2_ctx128_bs64,Qwen3-32B,2,64,128,31,0.10845866551001866,1.0267839878797531,1.0610453210150201,1.1695039865250387,0.10068799927830696,0.04749866699179014,0.1619039997458458,0.7166933218638102
Qwen3-32B_tp2_ctx128_bs64,Qwen3-32B,2,64,128,32,0.10939733311533928,1.0255680109063783,1.0602560110079744,1.1696533441233137,0.10064533352851868,0.04602666695912679,0.158890667061011,0.7200053433577219
Qwen3-32B_tp2_ctx128_bs64,Qwen3-32B,2,64,128,33,0.10936533287167549,1.0223786681890488,1.0579146683836977,1.1672800012553732,0.10034666582942009,0.04585600023468336,0.15788266311089197,0.7182933390140533
Qwen3-32B_tp2_ctx128_bs64,Qwen3-32B,2,64,128,34,0.10863999898235004,1.0240746655811868,1.0585599984042346,1.1671999973865848,0.09945600107312202,0.047013333067297935,0.16104533523321152,0.7165599962075552
Qwen3-32B_tp2_ctx128_bs64,Qwen3-32B,2,64,128,35,0.10854933286706607,1.0232906738917034,1.0562186737855275,1.1647680066525936,0.10037866483132045,0.04602666695912679,0.15906133006016412,0.7178240120410919
Qwen3-32B_tp2_ctx128_bs64,Qwen3-32B,2,64,128,36,0.1103893332183361,1.0244586610545714,1.0570026614392798,1.167391994657616,0.09883200004696846,0.04563200039168199,0.16058133045832315,0.7194133301575979
Qwen3-32B_tp2_ctx128_bs64,Qwen3-32B,2,64,128,37,0.10891199981172879,1.0232373401522636,1.0575093397249777,1.1664213395367065,0.09946133196353912,0.04577066749334335,0.1610613316297531,0.716944009065628
Qwen3-32B_tp2_ctx128_bs64,Qwen3-32B,2,64,128,38,0.10808533305923144,1.0232266566405694,1.056511989639451,1.1645973226986825,0.09988266477982204,0.045567999904354416,0.15858666598796844,0.7191893259684244
Qwen3-32B_tp2_ctx128_bs64,Qwen3-32B,2,64,128,39,0.10797866558035214,1.020949326455593,1.055919993047913,1.1638986586282651,0.1000693328678608,0.0457333338757356,0.15871999909480414,0.7164266606171926
Qwen3-32B_tp2_ctx128_bs64,Qwen3-32B,2,64,128,40,0.10917333265145619,1.0231199966122706,1.056554663150261,1.165727995801717,0.10161066427826881,0.045493333910902344,0.1580746645728747,0.7179413338502248
Qwen3-32B_tp2_ctx128_bs64,Qwen3-32B,2,64,128,41,0.1093493327498436,1.0249119972189267,1.0588373301240304,1.168186662873874,0.09944000095129013,0.04650133351484934,0.1611253321170807,0.7178453306357065
Qwen3-32B_tp2_ctx128_bs64,Qwen3-32B,2,64,128,42,0.10938133299350739,1.0195999952654045,1.053050662080447,1.1624319950739543,0.09961066395044327,0.04557866727312406,0.15749333798885345,0.7169173260529836
Qwen3-32B_tp2_ctx128_bs64,Qwen3-32B,2,64,128,43,0.10818666592240334,1.0205599951247373,1.0542079946026206,1.162394660525024,0.10080000013113022,0.045845333486795425,0.158671997487545,0.7152426640192667
Qwen3-32B_tp2_ctx128_bs64,Qwen3-32B,2,64,128,44,0.10992533341050148,1.0219733379781246,1.0552640043509502,1.1651893377614517,0.09993599976102512,0.04728533327579498,0.15637866655985513,0.7183733383814493
Qwen3-32B_tp2_ctx128_bs64,Qwen3-32B,2,64,128,45,0.10934399937589963,1.0254079960286617,1.058917328870545,1.1682613282464445,0.0996159998079141,0.04616000006596247,0.16236266493797302,0.7172693312168121
Qwen3-32B_tp2_ctx128_bs64,Qwen3-32B,2,64,128,46,0.10893866543968518,1.0212320027252038,1.054352002684027,1.163290668123712,0.10029866546392441,0.04568000013629595,0.15870933483044306,0.7165440022945404
Qwen3-32B_tp2_ctx128_bs64,Qwen3-32B,2,64,128,47,0.10900799930095673,1.0232693285991747,1.0570186618715525,1.1660266611725092,0.10045866544047992,0.04680533396701018,0.15957333395878473,0.7164319952329
Qwen3-32B_tp2_ctx128_bs64,Qwen3-32B,2,64,128,48,0.1092800001303355,1.023957334458828,1.0581280013235908,1.1674080014539263,0.10065599779287975,0.04553599903980891,0.16166399916013083,0.7161013384660085
Qwen3-32B_tp2_ctx128_bs64,Qwen3-32B,2,64,128,49,0.1094026652475198,1.022773335998257,1.0559840026932457,1.1653866679407654,0.1001173344751199,0.04611200032134851,0.15855466574430466,0.7179893354574839
Qwen3-32B_tp2_ctx128_bs64,Qwen3-32B,2,64,128,50,0.10778666536013286,1.0202986703564723,1.0532746703053515,1.1610613356654844,0.10053866604963939,0.046229333306352295,0.1583040008942286,0.7152266701062521
Qwen3-32B_tp2_ctx128_bs64,Qwen3-32B,2,64,128,51,0.10855466624101003,1.0227786613007386,1.0562026614012818,1.1647573276422918,0.09953600044051807,0.04604800045490265,0.15997866541147232,0.7172159949938456
Qwen3-32B_tp2_ctx128_bs64,Qwen3-32B,2,64,128,52,0.10889066631595294,1.0230079963803291,1.056426662641267,1.16531732895722,0.1006720003982385,0.04600000008940697,0.15926933040221533,0.7170666654904684
Qwen3-32B_tp2_ctx128_bs64,Qwen3-32B,2,64,128,53,0.10998399804035823,1.0197333258887131,1.0536586589490373,1.1636426569893956,0.09949866806467374,0.045738667249679565,0.16025599588950476,0.7142399946848551
Qwen3-32B_tp2_ctx128_bs64,Qwen3-32B,2,64,128,54,0.1085439994931221,1.0232319999486208,1.0575626669451594,1.1661066664382815,0.09968532994389534,0.04600533408423265,0.1602933332324028,0.71724800268809
Qwen3-32B_tp2_ctx128_bs64,Qwen3-32B,2,64,128,55,0.10771199936668079,1.0230880038191874,1.0557173371004562,1.163429336467137,0.09894399965802829,0.04554133303463459,0.16168000052372614,0.7169226706027985
Qwen3-32B_tp2_ctx128_bs64,Qwen3-32B,2,64,128,56,0.10831466565529506,1.020245338479678,1.052896005101502,1.161210670756797,0.1001440001030763,0.04597866659363111,0.15832000225782394,0.7158026695251465
Qwen3-32B_tp2_ctx128_bs64,Qwen3-32B,2,64,128,57,0.10780799885590871,1.0244160083432992,1.058944008157899,1.1667520070138075,0.09960533306002617,0.046911999583244324,0.157498670121034,0.7204000055789948
Qwen3-32B_tp2_ctx128_bs64,Qwen3-32B,2,64,128,58,0.10781333222985268,1.019541343053182,1.0529546760953963,1.160768008325249,0.09922666599353154,0.046069333950678505,0.15701333433389664,0.7172320087750753
Qwen3-32B_tp2_ctx128_bs64,Qwen3-32B,2,64,128,59,0.10733866567413013,1.0209653315444787,1.0535999983549118,1.160938664029042,0.10026666770378749,0.045434667418400444,0.15918933103481928,0.7160746653874716
Qwen3-32B_tp2_ctx128_bs64,Qwen3-32B,2,64,128,60,0.11149333293239276,1.469397321343422,1.5033333216172955,1.6148266545496883,0.10207466532786687,0.04605866720279058,0.6048479874928793,0.7164160013198853
Qwen3-32B_tp2_ctx128_bs64,Qwen3-32B,2,64,128,61,0.11014933263262112,1.021509331340591,1.0559626650065184,1.1661119976391394,0.10007999961574872,0.04611733369529247,0.15919466565052667,0.7161173323790232
Qwen3-32B_tp2_ctx128_bs64,Qwen3-32B,2,64,128,62,0.10885866607228915,1.0201866626739502,1.0532053289934993,1.1620639950657885,0.10106666634480159,0.046207999189694725,0.15842133512099585,0.714490662018458
Qwen3-32B_tp2_ctx128_bs64,Qwen3-32B,2,64,128,63,0.10982400054732959,1.0218559963007767,1.0556213295397658,1.1654453300870955,0.0996053343017896,0.04589866722623507,0.15756266564130783,0.7187893291314443
Qwen3-32B_tp2_ctx2048_bs1,Qwen3-32B,2,1,2048,0,0.12049066399534543,0.8760960046201944,0.9005066716733078,1.0209973356686532,0.11585066467523575,0.06851733413835366,0.1262933313846588,0.5654346744219462
Qwen3-32B_tp2_ctx2048_bs1,Qwen3-32B,2,1,2048,1,0.09404800087213516,0.7868266732742389,0.8196906733016174,0.9137386741737525,0.08785066629449527,0.047765333826343216,0.09251733372608821,0.5586933394273123
Qwen3-32B_tp2_ctx2048_bs1,Qwen3-32B,2,1,2048,2,0.09082666784524918,0.7814613413065672,0.8134720077117285,0.9042986755569776,0.08771733318765958,0.045781333620349564,0.09091733396053314,0.5570453405380249
Qwen3-32B_tp2_ctx2048_bs1,Qwen3-32B,2,1,2048,3,0.08714666590094566,0.7856320136537155,0.8167733470909297,0.9039200129918754,0.0877760003010432,0.0457760002464056,0.0934826669593652,0.5585973461469015
Qwen3-32B_tp2_ctx2048_bs1,Qwen3-32B,2,1,2048,4,0.08627200002471606,0.7810720006624857,0.8123680002366502,0.8986400002613663,0.08734933286905289,0.045360000183184944,0.08928000057737033,0.5590826670328776
Qwen3-32B_tp2_ctx2048_bs1,Qwen3-32B,2,1,2048,5,0.08474666625261307,0.7800426632165909,0.8159733299786845,0.9007199962312976,0.08713066577911377,0.044096000492572784,0.09008000046014786,0.5587359964847565
Qwen3-32B_tp2_ctx2048_bs1,Qwen3-32B,2,1,2048,6,0.08466133226950963,0.7848533367117246,0.8169333366677165,0.9015946689372262,0.08773333206772804,0.04457066704829534,0.09163199986020724,0.560917337735494
Qwen3-32B_tp2_ctx2048_bs1,Qwen3-32B,2,1,2048,7,0.08582933247089386,0.7764266819382708,0.8072320149901013,0.8930613474609952,0.08664000034332275,0.039434666745364666,0.08988800023992856,0.5604640146096548
Qwen3-32B_tp2_ctx2048_bs1,Qwen3-32B,2,1,2048,8,0.0835893340408802,0.7817760010560354,0.812768001264582,0.8963573353054622,0.08646399900317192,0.04437866682807604,0.08969600001970927,0.5612373352050781
Qwen3-32B_tp2_ctx2048_bs1,Qwen3-32B,2,1,2048,9,0.0840533326069514,0.7879199913392465,0.8207733247739574,0.9048266573809087,0.08721599976221721,0.04433066708346208,0.09452266742785771,0.5618506570657095
Qwen3-32B_tp2_ctx2048_bs1,Qwen3-32B,2,1,2048,10,0.08454933265844981,0.7853226754814386,0.8165226755663753,0.901072008224825,0.08687999968727429,0.04569599963724613,0.09098133320609729,0.5617653429508209
Qwen3-32B_tp2_ctx2048_bs1,Qwen3-32B,2,1,2048,11,0.0839359996219476,0.7892960080256065,0.8202986746716003,0.904234674293548,0.08698666592439015,0.04492266662418842,0.09421866635481517,0.5631680091222128
Qwen3-32B_tp2_ctx2048_bs1,Qwen3-32B,2,1,2048,12,0.08278399830063184,0.7820373363792896,0.8131466694176197,0.8959306677182516,0.08721066638827324,0.04356266682346662,0.08931733295321465,0.5619466702143351
Qwen3-32B_tp2_ctx2048_bs1,Qwen3-32B,2,1,2048,13,0.08349866544206937,0.7838613390922546,0.8147146725095809,0.8982133379516503,0.08702399954199791,0.0435199998319149,0.09061866750319798,0.5626986722151438
Qwen3-32B_tp2_ctx2048_bs1,Qwen3-32B,2,1,2048,14,0.08303466563423474,0.7845013389984766,0.8157173388948044,0.8987520045290391,0.08667199934522311,0.0438880001505216,0.08971200014154117,0.5642293393611908
Qwen3-32B_tp2_ctx2048_bs1,Qwen3-32B,2,1,2048,15,0.0880960002541542,0.7831359952688217,0.8137813286545376,0.9018773289086918,0.08690133318305016,0.04377066716551781,0.09055466701587041,0.5619093279043833
Qwen3-32B_tp2_ctx2048_bs1,Qwen3-32B,2,1,2048,16,0.08277333155274391,0.7813546663771074,0.8119999996076028,0.8947733311603467,0.08639999975760777,0.044079999749859176,0.0891093338529269,0.5617653330167135
Qwen3-32B_tp2_ctx2048_bs1,Qwen3-32B,2,1,2048,17,0.08313599973917007,0.7964640005181234,0.8287253337912261,0.9118613335303962,0.0924266663690408,0.0439306665211916,0.09709866717457771,0.5630080004533132
Qwen3-32B_tp2_ctx2048_bs1,Qwen3-32B,2,1,2048,18,0.08178666482369105,0.7835306699077288,0.8152906699106097,0.8970773347343007,0.08669333284099896,0.043679999808470406,0.09171200171113014,0.5614453355471293
Qwen3-32B_tp2_ctx2048_bs1,Qwen3-32B,2,1,2048,19,0.08273600041866302,0.784010668595632,0.8150133350864053,0.8977493355050683,0.0867893323302269,0.04495999962091446,0.09011200070381165,0.562149335940679
Qwen3-32B_tp2_ctx2048_bs1,Qwen3-32B,2,1,2048,20,0.09062399963537852,0.7918400062868992,0.8230560063384473,0.9136800059738258,0.08719999964038531,0.04437866620719433,0.10148266702890396,0.5587786734104156
Qwen3-32B_tp2_ctx2048_bs1,Qwen3-32B,2,1,2048,21,0.08308799937367439,0.7818506552527349,0.8131199888885021,0.8962079882621765,0.08783466617266338,0.044192000602682434,0.0905813326438268,0.5592426558335623
Qwen3-32B_tp2_ctx2048_bs1,Qwen3-32B,2,1,2048,22,0.08272533118724823,0.7834666619698206,0.81411732857426,0.8968426597615082,0.08841600020726521,0.04402133325735728,0.0902346670627594,0.5607946614424387
Qwen3-32B_tp2_ctx2048_bs1,Qwen3-32B,2,1,2048,23,0.08190399905045827,0.7829120103269815,0.8137600100599229,0.8956640091103812,0.0878293327987194,0.043434666469693184,0.09268266583482425,0.5589653452237447
Qwen3-32B_tp2_ctx2048_bs1,Qwen3-32B,2,1,2048,24,0.08402133236328761,0.7765546658386787,0.8080479993174473,0.8920693316807349,0.08690133318305016,0.04368533380329609,0.08858666693170865,0.5573813319206238
Qwen3-32B_tp2_ctx2048_bs1,Qwen3-32B,2,1,2048,25,0.08338666583100955,0.7800106617311636,0.8130826616349319,0.8964693274659414,0.08650133262077968,0.043978666265805565,0.08868799979488055,0.5608426630496979
Qwen3-32B_tp2_ctx2048_bs1,Qwen3-32B,2,1,2048,26,0.08228799949089687,0.7770400090763966,0.8074133424088359,0.8897013418997327,0.08647466575105985,0.04378666666646799,0.089973334223032,0.5568053424358368
Qwen3-32B_tp2_ctx2048_bs1,Qwen3-32B,2,1,2048,27,0.08291199803352356,0.7758879996836185,0.8066666661761701,0.8895786642096937,0.08726933350165685,0.04385066653291384,0.08841600020726521,0.5563519994417826
Qwen3-32B_tp2_ctx2048_bs1,Qwen3-32B,2,1,2048,28,0.08329066510001819,0.7812480044861635,0.8142453373099368,0.8975360024099549,0.08734399949510892,0.0431679996351401,0.09278933331370354,0.5579466720422109
Qwen3-32B_tp2_ctx2048_bs1,Qwen3-32B,2,1,2048,29,0.08265599856774013,0.777338670566678,0.8085066704079509,0.891162668975691,0.08721599976221721,0.0433866661041975,0.08908266698320706,0.5576533377170563
Qwen3-32B_tp2_ctx2048_bs1,Qwen3-32B,2,1,2048,30,0.08401599898934364,0.774800003816684,0.8058453369885683,0.889861335977912,0.08602666606505711,0.04322666674852371,0.08768533294399579,0.5578613380591074
Qwen3-32B_tp2_ctx2048_bs1,Qwen3-32B,2,1,2048,31,0.08281599854429562,0.7769386551032463,0.807855988231798,0.8906719867760937,0.08613866567611694,0.045312000438570976,0.08702933291594188,0.5584586560726166
Qwen3-32B_tp2_ctx2048_bs1,Qwen3-32B,2,1,2048,32,0.08497599884867668,0.7768479945758979,0.8073173278632264,0.8922933267119031,0.08708266665538152,0.04354666670163473,0.08967466528216998,0.5565439959367117
Qwen3-32B_tp2_ctx2048_bs1,Qwen3-32B,2,1,2048,33,0.08302399888634682,0.7765173353254795,0.8074346686092516,0.8904586674955984,0.08722133313616116,0.04436800008018812,0.08715733264883359,0.5577706694602966
Qwen3-32B_tp2_ctx2048_bs1,Qwen3-32B,2,1,2048,34,0.0830559991300106,0.7781920060515404,0.8095626727057,0.8926186718357106,0.0874933327237765,0.043909333646297455,0.09007466584444046,0.556714673837026
Qwen3-32B_tp2_ctx2048_bs1,Qwen3-32B,2,1,2048,35,0.08212799827257793,0.7756746759017309,0.8064586759234468,0.8885866741960247,0.08711466565728188,0.04329066599408785,0.08771199981371562,0.5575573444366455
Qwen3-32B_tp2_ctx2048_bs1,Qwen3-32B,2,1,2048,36,0.0846666656434536,0.7742453366518021,0.8045386696855227,0.8892053353289763,0.0861759992937247,0.043098667015631996,0.08810666700204213,0.5568640033404032
Qwen3-32B_tp2_ctx2048_bs1,Qwen3-32B,2,1,2048,37,0.0826026660700639,0.777898675451676,0.8090453421076139,0.8916480081776779,0.08665066584944725,0.04371733342607816,0.09097066645820935,0.5565600097179413
Qwen3-32B_tp2_ctx2048_bs1,Qwen3-32B,2,1,2048,38,0.0839466651280721,0.7760213408619165,0.8066080072894692,0.8905546724175414,0.0868639995654424,0.043333333606521286,0.08786666641632716,0.5579573412736257
Qwen3-32B_tp2_ctx2048_bs1,Qwen3-32B,2,1,2048,39,0.08238399898012479,0.7746186628937721,0.804634662810713,0.8870186617908379,0.08682666594783466,0.04400533313552538,0.08702933291594188,0.5567573308944702
Qwen3-32B_tp2_ctx2048_bs1,Qwen3-32B,2,1,2048,40,0.0826133315761884,0.781807995090882,0.8126506611394385,0.895263992715627,0.08736533299088478,0.043946667263905205,0.09089599922299385,0.5595999956130981
Qwen3-32B_tp2_ctx2048_bs1,Qwen3-32B,2,1,2048,41,0.0819413314263026,0.7797226688514153,0.8107786690816283,0.8927200005079309,0.08685333281755447,0.04409599987169107,0.09026133393247922,0.5585120022296906
Qwen3-32B_tp2_ctx2048_bs1,Qwen3-32B,2,1,2048,42,0.08174399907390277,0.7807680020729701,0.8111680018094679,0.8929120008833706,0.08662933235367139,0.046112000942230225,0.08761600032448769,0.5604106684525808
Qwen3-32B_tp2_ctx2048_bs1,Qwen3-32B,2,1,2048,43,0.08211733276645343,0.7759733361502489,0.8060480025596917,0.8881653353261451,0.0865119993686676,0.04354666670163473,0.08900799974799156,0.556906670331955
Qwen3-32B_tp2_ctx2048_bs1,Qwen3-32B,2,1,2048,44,0.08243199934562047,0.7758293276031811,0.8069226609853406,0.8893546603309611,0.08717333277066548,0.043642666190862656,0.08880533402164777,0.5562079946200053
Qwen3-32B_tp2_ctx2048_bs1,Qwen3-32B,2,1,2048,45,0.08206399778525035,0.7784906675418218,0.8105600007499257,0.892623998535176,0.08892266700665157,0.043381333351135254,0.08805333326260249,0.5581333339214325
Qwen3-32B_tp2_ctx2048_bs1,Qwen3-32B,2,1,2048,46,0.08217066526412964,0.7778826641539733,0.8090079974693557,0.8911786627334853,0.08740799874067307,0.043392000099023185,0.0889173336327076,0.5581653316815695
Qwen3-32B_tp2_ctx2048_bs1,Qwen3-32B,2,1,2048,47,0.08548266564806302,0.7744640056043863,0.805061338779827,0.8905440044278901,0.08613866567611694,0.043727999553084373,0.08792533352971077,0.5566720068454742
Qwen3-32B_tp2_ctx2048_bs1,Qwen3-32B,2,1,2048,48,0.08294399827718735,0.7761386670172215,0.8061600003081064,0.8891039985852938,0.08635733276605606,0.04372800017396609,0.08924266695976257,0.5568106671174368
Qwen3-32B_tp2_ctx2048_bs1,Qwen3-32B,2,1,2048,49,0.08313066512346268,0.7776160115996996,0.8086133448717495,0.8917440099952122,0.08731199925144513,0.04332266623775164,0.09028800080219905,0.5566933453083038
Qwen3-32B_tp2_ctx2048_bs1,Qwen3-32B,2,1,2048,50,0.08230933174490929,0.777152011791865,0.8081813451523582,0.8904906768972675,0.08691199868917465,0.04516266658902168,0.08804799988865852,0.5570293466250101
Qwen3-32B_tp2_ctx2048_bs1,Qwen3-32B,2,1,2048,51,0.08240533247590065,0.7902560041596493,0.8230560041653613,0.9054613366412619,0.0876693328221639,0.04335466710229715,0.09029866630832355,0.5689333379268646
Qwen3-32B_tp2_ctx2048_bs1,Qwen3-32B,2,1,2048,52,0.08378133177757263,0.7781919998427231,0.8093173330028851,0.8930986647804577,0.08667199934522311,0.04355200007557869,0.08987199887633324,0.5580960015455881
Qwen3-32B_tp2_ctx2048_bs1,Qwen3-32B,2,1,2048,53,0.0844906655450662,0.7772906608879566,0.8076746605026225,0.8921653260476887,0.08700799942016602,0.043578666945298515,0.08999999985098839,0.5567039946715037
Qwen3-32B_tp2_ctx2048_bs1,Qwen3-32B,2,1,2048,54,0.08365866541862488,0.780730667213599,0.8118773338695368,0.8955359992881616,0.08707733328143756,0.045066667099793754,0.09127999966343243,0.5573066671689352
Qwen3-32B_tp2_ctx2048_bs1,Qwen3-32B,2,1,2048,55,0.08347733194629352,0.7757226713001728,0.80584533760945,0.8893226695557435,0.08652266611655553,0.04401066650946935,0.08806933338443439,0.5571200052897135
Qwen3-32B_tp2_ctx2048_bs1,Qwen3-32B,2,1,2048,56,0.08263466507196426,0.7770986619095007,0.808074662151436,0.8907093272234002,0.08698666592439015,0.0437973327934742,0.08774400005737941,0.558570663134257
Qwen3-32B_tp2_ctx2048_bs1,Qwen3-32B,2,1,2048,57,0.08310933162768681,0.7795200025041898,0.8109973355506858,0.8941066671783726,0.08681066582600276,0.043631999442974724,0.09163199986020724,0.5574453373750051
Qwen3-32B_tp2_ctx2048_bs1,Qwen3-32B,2,1,2048,58,0.08276266480485599,0.7755146591613691,0.8067306593681376,0.8894933241729935,0.08673599983255069,0.04449600043396155,0.08750399947166443,0.5567786594231924
Qwen3-32B_tp2_ctx2048_bs1,Qwen3-32B,2,1,2048,59,0.08398399874567986,0.7807680033147335,0.8112960029393435,0.8952800016850233,0.08682666594783466,0.043568000197410583,0.09094399958848953,0.5594293375809988
Qwen3-32B_tp2_ctx2048_bs1,Qwen3-32B,2,1,2048,60,0.08257066458463669,0.7760266698896885,0.8061973362540206,0.8887680008386573,0.08683199932177861,0.04418133323391279,0.0889760007460912,0.5560373365879059
Qwen3-32B_tp2_ctx2048_bs1,Qwen3-32B,2,1,2048,61,0.08474133163690567,0.7769866747160752,0.8077333414306243,0.8924746730675299,0.08668799946705501,0.044015999883413315,0.08927466720342636,0.5570080081621805
Qwen3-32B_tp2_ctx2048_bs1,Qwen3-32B,2,1,2048,62,0.08222400024533272,0.7837066793193419,0.8151306792472799,0.8973546794926126,0.08702399954199791,0.043333333606521286,0.09148800000548363,0.5618613461653391
Qwen3-32B_tp2_ctx2048_bs1,Qwen3-32B,2,1,2048,63,0.08244266485174497,0.7855519981433948,0.8169759982265532,0.8994186630782982,0.08696533367037773,0.04332266685863336,0.08920533210039139,0.5660586655139923
Qwen3-32B_tp2_ctx2048_bs16,Qwen3-32B,2,16,2048,0,0.23354400228708982,1.0272600003518164,1.061956000921782,1.295500003208872,0.1711839996278286,0.0803159992210567,0.17395199742168188,0.6018080040812492
Qwen3-32B_tp2_ctx2048_bs16,Qwen3-32B,2,16,2048,1,0.13721200078725815,0.8400400066748261,0.8767160066636279,1.013928007450886,0.09497200231999159,0.05238400027155876,0.10301999934017658,0.5896640047430992
Qwen3-32B_tp2_ctx2048_bs16,Qwen3-32B,2,16,2048,2,0.12621199805289507,0.839764001313597,0.8727280013263226,0.9989399993792176,0.09188400115817785,0.054727999959141016,0.10493199992924929,0.5882200002670288
Qwen3-32B_tp2_ctx2048_bs16,Qwen3-32B,2,16,2048,3,0.12398399878293276,0.8272960060276091,0.8597160058561713,0.983700004639104,0.09115200117230415,0.047003999818116426,0.10059200040996075,0.5885480046272278
Qwen3-32B_tp2_ctx2048_bs16,Qwen3-32B,2,16,2048,4,0.12095199897885323,0.8246560096740723,0.8570040097692981,0.9779560087481514,0.09111600089818239,0.04635600093752146,0.09911599941551685,0.5880680084228516
Qwen3-32B_tp2_ctx2048_bs16,Qwen3-32B,2,16,2048,5,0.12824399955570698,0.8311520046554506,0.8634440049063414,0.9916880044620484,0.09065600112080574,0.0458840006031096,0.10612799879163504,0.5884840041399002
Qwen3-32B_tp2_ctx2048_bs16,Qwen3-32B,2,16,2048,6,0.12132400088012218,0.8253279966302216,0.8571759968763217,0.9784999977564439,0.09055200032889843,0.046832000371068716,0.09921600017696619,0.5887279957532883
Qwen3-32B_tp2_ctx2048_bs16,Qwen3-32B,2,16,2048,7,0.12119200080633163,0.825216003227979,0.8570840030442923,0.978276003850624,0.09096800070255995,0.045887999702245,0.09882399905472994,0.5895360037684441
Qwen3-32B_tp2_ctx2048_bs16,Qwen3-32B,2,16,2048,8,0.11851599905639887,0.8265560050494969,0.8584560053423047,0.9769720043987036,0.09006800036877394,0.045320000033825636,0.10057600028812885,0.5905920043587685
Qwen3-32B_tp2_ctx2048_bs16,Qwen3-32B,2,16,2048,9,0.11878400109708309,0.8280800036154687,0.8600480036111549,0.978832004708238,0.09131600055843592,0.045148000586777925,0.10069200024008751,0.5909240022301674
Qwen3-32B_tp2_ctx2048_bs16,Qwen3-32B,2,16,2048,10,0.11844400130212307,0.8271440020762384,0.8592400019988418,0.9776840033009648,0.09034400060772896,0.04620400024577975,0.10004799999296665,0.590548001229763
Qwen3-32B_tp2_ctx2048_bs16,Qwen3-32B,2,16,2048,11,0.11946800258010626,0.8267759997397661,0.8578239997150376,0.9772920022951439,0.09025200083851814,0.044960000552237034,0.09950399864464998,0.592059999704361
Qwen3-32B_tp2_ctx2048_bs16,Qwen3-32B,2,16,2048,12,0.11812000162899494,0.8279119986109436,0.8606399986892939,0.9787600003182888,0.09068800043314695,0.045547999907284975,0.0994039997458458,0.5922719985246658
Qwen3-32B_tp2_ctx2048_bs16,Qwen3-32B,2,16,2048,13,0.1168520012870431,0.8249920085072517,0.8570640084799379,0.973916009766981,0.09034800063818693,0.044747999869287014,0.09866799972951412,0.5912280082702637
Qwen3-32B_tp2_ctx2048_bs16,Qwen3-32B,2,16,2048,14,0.1195640005171299,0.8254560050554574,0.8565280050970614,0.9760920056141913,0.08991600014269352,0.045055999886244535,0.09954799991101027,0.590936005115509
Qwen3-32B_tp2_ctx2048_bs16,Qwen3-32B,2,16,2048,15,0.11720000114291906,0.8253280096687376,0.8578400093829259,0.975040010525845,0.09066000021994114,0.044683999847620726,0.09871599916368723,0.5912680104374886
Qwen3-32B_tp2_ctx2048_bs16,Qwen3-32B,2,16,2048,16,0.11753599997609854,0.8261880041100085,0.8576800039736554,0.9752160039497539,0.0908200005069375,0.04465199960395694,0.09947600029408932,0.5912400037050247
Qwen3-32B_tp2_ctx2048_bs16,Qwen3-32B,2,16,2048,17,0.11764799896627665,0.8300360101275146,0.8623640104196966,0.9800120093859732,0.09023600071668625,0.045616000425070524,0.10319999977946281,0.590984009206295
Qwen3-32B_tp2_ctx2048_bs16,Qwen3-32B,2,16,2048,18,0.11760400049388409,0.8216840038076043,0.8534120037220418,0.9710160042159259,0.08995200041681528,0.044759999960660934,0.09868000075221062,0.5882920026779175
Qwen3-32B_tp2_ctx2048_bs16,Qwen3-32B,2,16,2048,19,0.11882000137120485,0.8263360005803406,0.8578680007485673,0.9766880021197721,0.09160000085830688,0.04530399991199374,0.1002479987218976,0.5891840010881424
Qwen3-32B_tp2_ctx2048_bs16,Qwen3-32B,2,16,2048,20,0.11867599934339523,0.8218440050259233,0.8529800046235323,0.9716560039669275,0.08998400066047907,0.04447200056165457,0.09955599997192621,0.5878320038318634
Qwen3-32B_tp2_ctx2048_bs16,Qwen3-32B,2,16,2048,21,0.11750799883157015,0.8259240007027984,0.8575800005346537,0.9750879993662238,0.0905080009251833,0.04514800012111664,0.10192800033837557,0.5883399993181229
Qwen3-32B_tp2_ctx2048_bs16,Qwen3-32B,2,16,2048,22,0.12066800147294998,0.8244919832795858,0.8557999831391498,0.9764679846120998,0.09028000105172396,0.04513600002974272,0.10095999948680401,0.5881159827113152
Qwen3-32B_tp2_ctx2048_bs16,Qwen3-32B,2,16,2048,23,0.12198400124907494,0.8260039943270385,0.8572759942617267,0.9792599955108017,0.09027200099080801,0.04443599982187152,0.1036879988387227,0.5876079946756363
Qwen3-32B_tp2_ctx2048_bs16,Qwen3-32B,2,16,2048,24,0.11800799984484911,0.8198720049113035,0.8520400052657351,0.9700480051105842,0.09057600051164627,0.04452400002628565,0.0974599989131093,0.5873120054602623
Qwen3-32B_tp2_ctx2048_bs16,Qwen3-32B,2,16,2048,25,0.11792000010609627,0.8217320013791323,0.853776001255028,0.9716960013611242,0.08962799981236458,0.04557600058615208,0.09923600032925606,0.5872920006513596
Qwen3-32B_tp2_ctx2048_bs16,Qwen3-32B,2,16,2048,26,0.12034799996763468,0.8202000060118735,0.8513480058172718,0.9716960057849064,0.09049600083380938,0.044828000012785196,0.0986520005390048,0.5862240046262741
Qwen3-32B_tp2_ctx2048_bs16,Qwen3-32B,2,16,2048,27,0.1176280016079545,0.8206440145149827,0.8515400144970044,0.969168016104959,0.09043600037693977,0.04473999980837107,0.09808799996972084,0.587380014359951
Qwen3-32B_tp2_ctx2048_bs16,Qwen3-32B,2,16,2048,28,0.11623600125312805,0.8206600015982985,0.8524200014071539,0.968656002660282,0.08985600061714649,0.044003999792039394,0.09801599942147732,0.5887840017676353
Qwen3-32B_tp2_ctx2048_bs16,Qwen3-32B,2,16,2048,29,0.11757200118154287,0.8235839968547225,0.856627996894531,0.9741999980760738,0.09060000069439411,0.0445159999653697,0.10007599927484989,0.5883919969201088
Qwen3-32B_tp2_ctx2048_bs16,Qwen3-32B,2,16,2048,30,0.11593999899923801,0.8190920082852244,0.8505520080216229,0.9664920070208609,0.09005600027740002,0.04430800024420023,0.09796399995684624,0.586764007806778
Qwen3-32B_tp2_ctx2048_bs16,Qwen3-32B,2,16,2048,31,0.11756799928843975,0.819131996948272,0.8508559969486669,0.9684239962371066,0.08994800038635731,0.04438800038769841,0.09785999916493893,0.5869359970092773
Qwen3-32B_tp2_ctx2048_bs16,Qwen3-32B,2,16,2048,32,0.11670800019055605,0.8198360055685043,0.8511080059688538,0.9678160061594099,0.09027600008994341,0.04442000016570091,0.09803999867290258,0.5871000066399574
Qwen3-32B_tp2_ctx2048_bs16,Qwen3-32B,2,16,2048,33,0.11598800122737885,0.8187240036204457,0.850048003718257,0.9660360049456358,0.09022400062531233,0.04442800022661686,0.09800799936056137,0.5860640034079552
Qwen3-32B_tp2_ctx2048_bs16,Qwen3-32B,2,16,2048,34,0.11662800051271915,0.82062798878178,0.8517719886731356,0.9683999891858548,0.09058000054210424,0.044776000548154116,0.09849199838936329,0.5867799893021584
Qwen3-32B_tp2_ctx2048_bs16,Qwen3-32B,2,16,2048,35,0.11617200262844563,0.819160002283752,0.8509440020425245,0.9671160046709701,0.08973600063472986,0.04427600000053644,0.09806799981743097,0.5870800018310547
Qwen3-32B_tp2_ctx2048_bs16,Qwen3-32B,2,16,2048,36,0.11985199991613626,0.8237599963322282,0.8546879962086678,0.974539996124804,0.09113600105047226,0.04499599989503622,0.1003000009804964,0.5873279944062233
Qwen3-32B_tp2_ctx2048_bs16,Qwen3-32B,2,16,2048,37,0.11654000077396631,0.8195520034059882,0.8509320033481345,0.9674720041221008,0.09058000054210424,0.04459999967366457,0.09799599926918745,0.586376003921032
Qwen3-32B_tp2_ctx2048_bs16,Qwen3-32B,2,16,2048,38,0.11623600125312805,0.821820002514869,0.8565720024053007,0.9728080036584288,0.09016000106930733,0.04397600004449487,0.09824799932539463,0.5894360020756721
Qwen3-32B_tp2_ctx2048_bs16,Qwen3-32B,2,16,2048,39,0.11836000066250563,0.8219440062530339,0.853348006377928,0.9717080070404336,0.09028400015085936,0.04558800021186471,0.0996000012382865,0.5864720046520233
Qwen3-32B_tp2_ctx2048_bs16,Qwen3-32B,2,16,2048,40,0.11630799900740385,0.8195600090548396,0.8507320089265704,0.9670400079339743,0.09036400076001883,0.04394800029695034,0.09776799939572811,0.5874800086021423
Qwen3-32B_tp2_ctx2048_bs16,Qwen3-32B,2,16,2048,41,0.1172240013256669,0.8202919936738908,0.8515839932952076,0.9688079946208745,0.09007200039923191,0.044515999499708414,0.09970799926668406,0.5859959945082664
Qwen3-32B_tp2_ctx2048_bs16,Qwen3-32B,2,16,2048,42,0.11664399970322847,0.8200120069086552,0.851412006886676,0.9680560065899044,0.08960000053048134,0.044904000125825405,0.09955199901014566,0.5859560072422028
Qwen3-32B_tp2_ctx2048_bs16,Qwen3-32B,2,16,2048,43,0.11715200077742338,0.8230680036358535,0.8539680035319179,0.9711200043093413,0.09016000013798475,0.044539999682456255,0.10122000053524971,0.5871480032801628
Qwen3-32B_tp2_ctx2048_bs16,Qwen3-32B,2,16,2048,44,0.11732400115579367,0.8203680026344955,0.8522040025563911,0.9695280037121847,0.09112000092864037,0.04469999996945262,0.09740399941802025,0.5871440023183823
Qwen3-32B_tp2_ctx2048_bs16,Qwen3-32B,2,16,2048,45,0.11664000060409307,0.8297040057368577,0.8611160058062524,0.9777560064103454,0.0901840003207326,0.045679999981075525,0.09896800015121698,0.5948720052838326
Qwen3-32B_tp2_ctx2048_bs16,Qwen3-32B,2,16,2048,46,0.11751599982380867,0.8219560096040368,0.8530440094182268,0.9705600092420354,0.09009200055152178,0.044147999957203865,0.10122399963438511,0.5864920094609261
Qwen3-32B_tp2_ctx2048_bs16,Qwen3-32B,2,16,2048,47,0.11750400066375732,0.8207200118340552,0.8514760119142011,0.9689800125779584,0.09053600113838911,0.04443999985232949,0.09921600017696619,0.5865280106663704
Qwen3-32B_tp2_ctx2048_bs16,Qwen3-32B,2,16,2048,48,0.11650400049984455,0.8224440002813935,0.8548840003786609,0.9713880008785054,0.0903080003336072,0.04550800006836653,0.09949600044637918,0.5871319994330406
Qwen3-32B_tp2_ctx2048_bs16,Qwen3-32B,2,16,2048,49,0.11726399883627892,0.8194719990715384,0.8505879989825189,0.9678519978187978,0.08999200072139502,0.044652000069618225,0.09788399934768677,0.5869439989328384
Qwen3-32B_tp2_ctx2048_bs16,Qwen3-32B,2,16,2048,50,0.11611999943852425,0.8221240118145943,0.8531480117235333,0.9692680111620575,0.09012000076472759,0.044852000661194324,0.09736799914389849,0.5897840112447739
Qwen3-32B_tp2_ctx2048_bs16,Qwen3-32B,2,16,2048,51,0.12018000055104494,0.8223240058869123,0.8531440057558939,0.9733240063069388,0.09046000055968761,0.0441880002617836,0.1003040000796318,0.5873720049858093
Qwen3-32B_tp2_ctx2048_bs16,Qwen3-32B,2,16,2048,52,0.11584800109267235,0.8217520117759705,0.852848011883907,0.9686960129765794,0.09017600025981665,0.045855999924242496,0.09713999927043915,0.5885800123214722
Qwen3-32B_tp2_ctx2048_bs16,Qwen3-32B,2,16,2048,53,0.1168279992416501,0.8222160092554986,0.8572160088224337,0.9740440080640838,0.09032000042498112,0.04469199990853667,0.09829599969089031,0.5889080092310905
Qwen3-32B_tp2_ctx2048_bs16,Qwen3-32B,2,16,2048,54,0.1176920011639595,0.8208159999921918,0.8519799998030066,0.9696720009669662,0.08996800053864717,0.044676000252366066,0.09888399951159954,0.587287999689579
Qwen3-32B_tp2_ctx2048_bs16,Qwen3-32B,2,16,2048,55,0.11695200111716986,0.8195440024137497,0.8505280021345243,0.9674800032516941,0.09000800084322691,0.04379200004041195,0.09791599866002798,0.5878280028700829
Qwen3-32B_tp2_ctx2048_bs16,Qwen3-32B,2,16,2048,56,0.11621599923819304,0.8214000035077333,0.8527960036881268,0.9690120029263198,0.0905720004811883,0.04478800017386675,0.09904799982905388,0.5869920030236244
Qwen3-32B_tp2_ctx2048_bs16,Qwen3-32B,2,16,2048,57,0.1191600002348423,0.8199240113608539,0.8510600113077089,0.9702200115425512,0.08961600065231323,0.04416000051423907,0.09850800037384033,0.5876400098204613
Qwen3-32B_tp2_ctx2048_bs16,Qwen3-32B,2,16,2048,58,0.11595600191503763,0.8215760043822229,0.8534040043596178,0.9693600062746555,0.0920960009098053,0.04465599963441491,0.09869199898093939,0.5861320048570633
Qwen3-32B_tp2_ctx2048_bs16,Qwen3-32B,2,16,2048,59,0.11631600186228752,0.8205120051279664,0.8516920052934438,0.9680080071557313,0.09010800067335367,0.044424000196158886,0.09824000019580126,0.5877400040626526
Qwen3-32B_tp2_ctx2048_bs16,Qwen3-32B,2,16,2048,60,0.11633600201457739,0.8188880020752549,0.8495560018345714,0.9658920038491488,0.08978400100022554,0.044292000122368336,0.09823200013488531,0.5865800008177757
Qwen3-32B_tp2_ctx2048_bs16,Qwen3-32B,2,16,2048,61,0.11654399987310171,0.821948011405766,0.8527640117099509,0.9693080115830526,0.09008000046014786,0.046260000206530094,0.09799199923872948,0.5876160115003586
Qwen3-32B_tp2_ctx2048_bs16,Qwen3-32B,2,16,2048,62,0.11740400083363056,0.8170520002022386,0.8483920003054664,0.9657960011390969,0.09007200039923191,0.04414399992674589,0.09675199910998344,0.5860840007662773
Qwen3-32B_tp2_ctx2048_bs16,Qwen3-32B,2,16,2048,63,0.11642800085246563,0.8183000069111586,0.8494280067970976,0.9658560076495633,0.08995200041681528,0.04442800022661686,0.09741200041025877,0.5865080058574677
Qwen3-32B_tp2_ctx2048_bs32,Qwen3-32B,2,32,2048,0,0.24739199690520763,1.2085480000823736,1.2516239999094978,1.4990159968147054,0.17944400012493134,0.09095599874854088,0.32408000715076923,0.6140679940581322
Qwen3-32B_tp2_ctx2048_bs32,Qwen3-32B,2,32,2048,1,0.13990799989551306,0.8568199933506548,0.8929399931803346,1.0328479930758476,0.0971240010112524,0.05316800018772483,0.11493600066751242,0.5915919914841652
Qwen3-32B_tp2_ctx2048_bs32,Qwen3-32B,2,32,2048,2,0.1283079981803894,0.8390479949302971,0.8747559953480959,1.0030639935284853,0.09284800104796886,0.048756000120192766,0.10633599944412708,0.5911079943180084
Qwen3-32B_tp2_ctx2048_bs32,Qwen3-32B,2,32,2048,3,0.12481199763715267,0.8388640065677464,0.8729160064831376,0.9977280041202903,0.09164800122380257,0.04843599954620004,0.10645600222051144,0.5923240035772324
Qwen3-32B_tp2_ctx2048_bs32,Qwen3-32B,2,32,2048,4,0.12166399974375963,0.8359240121208131,0.8721080122049898,0.9937720119487494,0.09232400171458721,0.04705200018361211,0.10611199866980314,0.5904360115528107
Qwen3-32B_tp2_ctx2048_bs32,Qwen3-32B,2,32,2048,5,0.12199999950826168,0.8319480093196034,0.8645680096233264,0.986568009131588,0.09175600111484528,0.04576000012457371,0.10205199848860502,0.5923800095915794
Qwen3-32B_tp2_ctx2048_bs32,Qwen3-32B,2,32,2048,6,0.11959600076079369,0.8352559944614768,0.8678759944159538,0.9874719951767474,0.09096400067210197,0.04675599932670593,0.10444399993866682,0.5930919945240021
Qwen3-32B_tp2_ctx2048_bs32,Qwen3-32B,2,32,2048,7,0.11980799958109856,0.8316040076315403,0.8637320077978075,0.983540007378906,0.09152800124138594,0.04629200045019388,0.10336799919605255,0.5904160067439079
Qwen3-32B_tp2_ctx2048_bs32,Qwen3-32B,2,32,2048,8,0.11819200031459332,0.86100400891155,0.9212400085525587,1.039432008867152,0.09201200120151043,0.04616000037640333,0.1324200015515089,0.5904120057821274
Qwen3-32B_tp2_ctx2048_bs32,Qwen3-32B,2,32,2048,9,0.11787200067192316,0.8304039975628257,0.8640919976169243,0.9819639982888475,0.0914240013808012,0.04556800052523613,0.10207999963313341,0.5913319960236549
Qwen3-32B_tp2_ctx2048_bs32,Qwen3-32B,2,32,2048,10,0.12045599985867739,0.83840800402686,0.8715960043482482,0.9920520042069256,0.0916120009496808,0.045880000572651625,0.10831199865788221,0.5926040038466454
Qwen3-32B_tp2_ctx2048_bs32,Qwen3-32B,2,32,2048,11,0.11820800136774778,0.8324840092100203,0.8658720093080774,0.9840800106758252,0.09159200079739094,0.046871999744325876,0.10188399814069271,0.5921360105276108
Qwen3-32B_tp2_ctx2048_bs32,Qwen3-32B,2,32,2048,12,0.1175680011510849,0.8334440072067082,0.8661600071936846,0.9837280083447695,0.09150000102818012,0.04623200045898557,0.10439999960362911,0.5913120061159134
Qwen3-32B_tp2_ctx2048_bs32,Qwen3-32B,2,32,2048,13,0.11707599926739931,0.832208011765033,0.8653200118569657,0.982396011124365,0.09123200085014105,0.045256000477820635,0.10234800074249506,0.5933720096945763
Qwen3-32B_tp2_ctx2048_bs32,Qwen3-32B,2,32,2048,14,0.11833599861711264,0.8344240058213472,0.8667240057839081,0.9850600044010207,0.09131200052797794,0.04753600060939789,0.103643998503685,0.5919320061802864
Qwen3-32B_tp2_ctx2048_bs32,Qwen3-32B,2,32,2048,15,0.11729999911040068,0.8318600067868829,0.8644760067109019,0.9817760058213025,0.09110800083726645,0.0455759996548295,0.10315200034528971,0.5920240059494972
Qwen3-32B_tp2_ctx2048_bs32,Qwen3-32B,2,32,2048,16,0.11650000140070915,0.8332240018062294,0.8652560017071664,0.9817560031078756,0.09196000080555677,0.045139999594539404,0.10387200023978949,0.5922520011663437
Qwen3-32B_tp2_ctx2048_bs32,Qwen3-32B,2,32,2048,17,0.11673600040376186,0.831844003405422,0.8639280035858974,0.9806640039896592,0.09120800066739321,0.04510400025174022,0.10469599906355143,0.5908360034227371
Qwen3-32B_tp2_ctx2048_bs32,Qwen3-32B,2,32,2048,18,0.11623600125312805,0.8266760064288974,0.8581760062370449,0.974412007490173,0.09052400104701519,0.045491999946534634,0.10211200080811977,0.5885480046272278
Qwen3-32B_tp2_ctx2048_bs32,Qwen3-32B,2,32,2048,19,0.11682400107383728,0.8267360040917993,0.8579520038329065,0.9747760049067438,0.09129200037568808,0.04479200020432472,0.10089599899947643,0.58975600451231
Qwen3-32B_tp2_ctx2048_bs32,Qwen3-32B,2,32,2048,20,0.11651199962943792,0.8291479907929897,0.8607319906586781,0.977243990288116,0.09063600096851587,0.04514800012111664,0.10419199895113707,0.5891719907522202
Qwen3-32B_tp2_ctx2048_bs32,Qwen3-32B,2,32,2048,21,0.1162519995123148,0.8282559984363616,0.8597239983500913,0.9759759978624061,0.09120800066739321,0.04517999989911914,0.10254400037229061,0.5893239974975586
Qwen3-32B_tp2_ctx2048_bs32,Qwen3-32B,2,32,2048,22,0.11673200130462646,0.8272920078597963,0.8585800076834857,0.9753120089881122,0.09103600028902292,0.04662000061944127,0.10074000060558319,0.5888960063457489
Qwen3-32B_tp2_ctx2048_bs32,Qwen3-32B,2,32,2048,23,0.11579600069671869,0.8238280117511749,0.8550480118719861,0.9708440125687048,0.09031600039452314,0.044892000034451485,0.09948800038546324,0.5891320109367371
Qwen3-32B_tp2_ctx2048_bs32,Qwen3-32B,2,32,2048,24,0.11926800105720758,0.8273680033162236,0.8590200032340363,0.9782880042912439,0.0910800015553832,0.0449839998036623,0.10308000072836876,0.5882240012288094
Qwen3-32B_tp2_ctx2048_bs32,Qwen3-32B,2,32,2048,25,0.11617999896407127,0.8245039922185242,0.856871992116794,0.9730519910808653,0.09080400038510561,0.045391999650746584,0.10062000062316656,0.5876879915595055
Qwen3-32B_tp2_ctx2048_bs32,Qwen3-32B,2,32,2048,26,0.11626400053501129,0.824251995421946,0.8559439952950925,0.9722079958301038,0.09117600042372942,0.04456000030040741,0.10118399932980537,0.5873319953680038
Qwen3-32B_tp2_ctx2048_bs32,Qwen3-32B,2,32,2048,27,0.1161279994994402,0.826923999004066,0.8597999986959621,0.9759279981954023,0.09149200096726418,0.0451840003952384,0.10120400041341782,0.5890439972281456
Qwen3-32B_tp2_ctx2048_bs32,Qwen3-32B,2,32,2048,28,0.1168560003861785,0.8263400052674115,0.8584840049734339,0.9753400053596124,0.09123600088059902,0.04474400030449033,0.102055998519063,0.5883040055632591
Qwen3-32B_tp2_ctx2048_bs32,Qwen3-32B,2,32,2048,29,0.11779600009322166,0.8266360033303499,0.8581480032298714,0.9759440033230931,0.09124400094151497,0.04549599997699261,0.10173200070858002,0.5881640017032623
Qwen3-32B_tp2_ctx2048_bs32,Qwen3-32B,2,32,2048,30,0.11688000056892633,0.8262280039489269,0.8578600037144497,0.974740004283376,0.09073999989777803,0.04505200032144785,0.10235199891030788,0.5880840048193932
Qwen3-32B_tp2_ctx2048_bs32,Qwen3-32B,2,32,2048,31,0.11574000213295221,0.8248400101438165,0.8565280101029202,0.9722680122358724,0.09143600054085255,0.045036000199615955,0.10084799863398075,0.5875200107693672
Qwen3-32B_tp2_ctx2048_bs32,Qwen3-32B,2,32,2048,32,0.11667599994689226,0.8276000078767538,0.8592840080382302,0.9759600079851225,0.09088400099426508,0.04576000012457371,0.09998400043696165,0.5909720063209534
Qwen3-32B_tp2_ctx2048_bs32,Qwen3-32B,2,32,2048,33,0.11593599990010262,0.829096011351794,0.8618680112995207,0.9778040111996233,0.09172400087118149,0.045112000312656164,0.10201600007712841,0.5902440100908279
Qwen3-32B_tp2_ctx2048_bs32,Qwen3-32B,2,32,2048,34,0.11912400089204311,0.8318719915114343,0.8635519914096221,0.9826759923016652,0.09132400061935186,0.044992000330239534,0.1050840001553297,0.5904719904065132
Qwen3-32B_tp2_ctx2048_bs32,Qwen3-32B,2,32,2048,35,0.11603600066155195,0.8324320106767118,0.8640200106892735,0.9800560113508254,0.092764001339674,0.04484000010415912,0.1020480003207922,0.5927800089120865
Qwen3-32B_tp2_ctx2048_bs32,Qwen3-32B,2,32,2048,36,0.11588000040501356,0.8253880040720105,0.8566400043200701,0.9725200047250837,0.09150000102818012,0.04509599972516298,0.10068400017917156,0.5881080031394958
Qwen3-32B_tp2_ctx2048_bs32,Qwen3-32B,2,32,2048,37,0.11614000052213669,0.8319200142286718,0.8636840143008158,0.9798240148229524,0.09139200113713741,0.04516800073906779,0.10520400106906891,0.5901560112833977
Qwen3-32B_tp2_ctx2048_bs32,Qwen3-32B,2,32,2048,38,0.11621599923819304,0.8288840018212795,0.8613240018021315,0.9775400010403246,0.09108000062406063,0.044688000343739986,0.1034359997138381,0.5896800011396408
Qwen3-32B_tp2_ctx2048_bs32,Qwen3-32B,2,32,2048,39,0.118023999966681,0.8281640042550862,0.8595960041275248,0.9776200040942058,0.09136000089347363,0.044911999721080065,0.10210799984633923,0.5897840037941933
Qwen3-32B_tp2_ctx2048_bs32,Qwen3-32B,2,32,2048,40,0.1150599978864193,0.828768006991595,0.8602560070576146,0.9753160049440339,0.09090400114655495,0.044563999865204096,0.1037199990823865,0.5895800068974495
Qwen3-32B_tp2_ctx2048_bs32,Qwen3-32B,2,32,2048,41,0.11632400006055832,0.8276679944247007,0.8593839945970103,0.9757079946575686,0.09165200125426054,0.045420000329613686,0.103299998678267,0.5872959941625595
Qwen3-32B_tp2_ctx2048_bs32,Qwen3-32B,2,32,2048,42,0.11674400046467781,0.8278160090558231,0.8590960091678426,0.9758400096325204,0.0913480008020997,0.04478400060907006,0.10392399877309799,0.5877600088715553
Qwen3-32B_tp2_ctx2048_bs32,Qwen3-32B,2,32,2048,43,0.11568799894303083,0.8291759975254536,0.8606199973728508,0.9763079963158816,0.09070000052452087,0.04605200048536062,0.1025160001590848,0.5899079963564873
Qwen3-32B_tp2_ctx2048_bs32,Qwen3-32B,2,32,2048,44,0.11587600037455559,0.8285480053164065,0.8601440052734688,0.9760200056480244,0.09156000055372715,0.046516000758856535,0.10179999936372042,0.5886720046401024
Qwen3-32B_tp2_ctx2048_bs32,Qwen3-32B,2,32,2048,45,0.11498400010168552,0.8242840049788356,0.8558040048228577,0.9707880049245432,0.09085200075060129,0.04431600030511618,0.10032800119370222,0.5887880027294159
Qwen3-32B_tp2_ctx2048_bs32,Qwen3-32B,2,32,2048,46,0.11696800030767918,0.8252760055474937,0.8573080053320155,0.9742760056396946,0.09106800053268671,0.045148000586777925,0.10070000030100346,0.5883600041270256
Qwen3-32B_tp2_ctx2048_bs32,Qwen3-32B,2,32,2048,47,0.11660800129175186,0.8259880011901259,0.8573000014293939,0.9739080027211457,0.09036399982869625,0.046083999797701836,0.10104000102728605,0.5885000005364418
Qwen3-32B_tp2_ctx2048_bs32,Qwen3-32B,2,32,2048,48,0.1154399998486042,0.8239919929765165,0.8553519928827882,0.9707919927313924,0.09084000065922737,0.044524000491946936,0.101367998868227,0.5872599929571152
Qwen3-32B_tp2_ctx2048_bs32,Qwen3-32B,2,32,2048,49,0.11574800126254559,0.8248400036245584,0.8567240034462884,0.972472004708834,0.0908360006287694,0.044784000143408775,0.10173199977725744,0.5874880030751228
Qwen3-32B_tp2_ctx2048_bs32,Qwen3-32B,2,32,2048,50,0.11698400042951107,0.8248120094649494,0.8558440095512196,0.9728280099807307,0.0935440007597208,0.04504799982532859,0.09824400022625923,0.5879760086536407
Qwen3-32B_tp2_ctx2048_bs32,Qwen3-32B,2,32,2048,51,0.11644399911165237,0.8250240092165768,0.8566640090430155,0.9731080081546679,0.09110800083726645,0.04461600026115775,0.10021600127220154,0.5890840068459511
Qwen3-32B_tp2_ctx2048_bs32,Qwen3-32B,2,32,2048,52,0.11515999864786863,0.8257840019650757,0.85795600223355,0.9731160008814186,0.09100800100713968,0.04446000000461936,0.10036000050604343,0.5899560004472733
Qwen3-32B_tp2_ctx2048_bs32,Qwen3-32B,2,32,2048,53,0.11708800122141838,0.8249720023013651,0.8565120019484311,0.9736000031698495,0.09085600078105927,0.04613199969753623,0.10099199879914522,0.5869920030236244
Qwen3-32B_tp2_ctx2048_bs32,Qwen3-32B,2,32,2048,54,0.1157079990953207,0.8239679937250912,0.8553719938499853,0.971079992945306,0.09020000044256449,0.04689999995753169,0.09836399927735329,0.5885039940476418
Qwen3-32B_tp2_ctx2048_bs32,Qwen3-32B,2,32,2048,55,0.11670800112187862,0.8236959930509329,0.8550519930431619,0.9717599941650406,0.09059600066393614,0.044292000122368336,0.10126799903810024,0.5875399932265282
Qwen3-32B_tp2_ctx2048_bs32,Qwen3-32B,2,32,2048,56,0.11555599980056286,0.8279520068317652,0.8592880070209503,0.9748440068215132,0.09236800111830235,0.044735999777913094,0.10117599926888943,0.5896720066666603
Qwen3-32B_tp2_ctx2048_bs32,Qwen3-32B,2,32,2048,57,0.11521599907428026,0.8234959994442761,0.8552039993228391,0.9704199983971193,0.09084000065922737,0.044419999700039625,0.10110399965196848,0.5871319994330406
Qwen3-32B_tp2_ctx2048_bs32,Qwen3-32B,2,32,2048,58,0.1175159988924861,0.8235600073821843,0.8550800073426217,0.9725960062351078,0.0906480010598898,0.04478000057861209,0.10007199924439192,0.5880600064992905
Qwen3-32B_tp2_ctx2048_bs32,Qwen3-32B,2,32,2048,59,0.11672399938106537,0.8229439938440919,0.8540519936941564,0.9707759930752218,0.09042000025510788,0.04426399990916252,0.09969199914485216,0.5885679945349693
Qwen3-32B_tp2_ctx2048_bs32,Qwen3-32B,2,32,2048,60,0.1149720000103116,0.834176005795598,0.8653200059197843,0.9802920059300959,0.09049600083380938,0.04457200039178133,0.10191600024700165,0.5971920043230057
Qwen3-32B_tp2_ctx2048_bs32,Qwen3-32B,2,32,2048,61,0.11593599990010262,0.8250559982843697,0.856587998336181,0.9725239982362837,0.09084400068968534,0.04571600025519729,0.10047600045800209,0.588019996881485
Qwen3-32B_tp2_ctx2048_bs32,Qwen3-32B,2,32,2048,62,0.11695600114762783,0.8284639958292246,0.8596559958532453,0.9766119970008731,0.09405600093305111,0.04430800024420023,0.10323199909180403,0.5868679955601692
Qwen3-32B_tp2_ctx2048_bs32,Qwen3-32B,2,32,2048,63,0.11666400078684092,0.8232879964634776,0.85566799598746,0.9723319967743009,0.09095600061118603,0.04458400048315525,0.10020000021904707,0.5875479951500893
Qwen3-8B_tp1_ctx1024_bs1,Qwen3-8B,1,1,1024,0,0.10958933085203171,0.6589866653084755,0.6814826655512055,0.7910719964032372,0.10308266679445903,0.05836799989144007,0.06993066767851512,0.4276053309440613
Qwen3-8B_tp1_ctx1024_bs1,Qwen3-8B,1,1,1024,1,0.08669866621494293,0.620981328189373,0.6511679949859779,0.7378666612009208,0.08241066584984462,0.04402133325735728,0.06748799979686737,0.42706132928530377
Qwen3-8B_tp1_ctx1024_bs1,Qwen3-8B,1,1,1024,2,0.08305066575606664,0.6155093337098757,0.645301333318154,0.7283519990742207,0.08168533196051915,0.042303999265034996,0.06596266726652782,0.42555733521779376
Qwen3-8B_tp1_ctx1024_bs1,Qwen3-8B,1,1,1024,3,0.07960533102353413,0.6151893312732379,0.6464746644099554,0.7260799954334896,0.0818026637037595,0.04095999896526337,0.06583466629187266,0.42659200231234234
Qwen3-8B_tp1_ctx1024_bs1,Qwen3-8B,1,1,1024,4,0.07916799932718277,0.6125226604441801,0.6410879933585724,0.7202559926857551,0.08123733103275299,0.04035200054446856,0.06519466638565063,0.425738662481308
Qwen3-8B_tp1_ctx1024_bs1,Qwen3-8B,1,1,1024,5,0.0788266658782959,0.6159786606828372,0.6437546607727807,0.7225813266510765,0.08220799763997395,0.04195199906826019,0.0654933328429858,0.42632533113161725
Qwen3-8B_tp1_ctx1024_bs1,Qwen3-8B,1,1,1024,6,0.07670400043328603,0.6120533334712187,0.6413866669560472,0.7180906673893332,0.08087466408809026,0.04030933355291685,0.06522666662931442,0.4256426692008972
Qwen3-8B_tp1_ctx1024_bs1,Qwen3-8B,1,1,1024,7,0.0772159993648529,0.6123626716434956,0.6403413383911053,0.7175573377559582,0.0812053307890892,0.041002667198578514,0.06519466638565063,0.4249600072701772
Qwen3-8B_tp1_ctx1024_bs1,Qwen3-8B,1,1,1024,8,0.07669333616892497,0.6146239936351776,0.6426239935681224,0.7193173297370473,0.08150399972995122,0.040021332601706185,0.06599466502666473,0.42710399627685547
Qwen3-8B_tp1_ctx1024_bs1,Qwen3-8B,1,1,1024,9,0.0777493342757225,0.6131733283400536,0.6408426615719994,0.7185919958477219,0.08089599758386612,0.040277332067489624,0.06587733328342438,0.42612266540527344
Qwen3-8B_tp1_ctx1024_bs1,Qwen3-8B,1,1,1024,10,0.07757866382598877,0.6129493216673533,0.6408426550527414,0.7184213188787302,0.08193066467841466,0.040735999743143715,0.0660906657576561,0.42419199148813885
Qwen3-8B_tp1_ctx1024_bs1,Qwen3-8B,1,1,1024,11,0.07613866776227951,0.6122453274826208,0.6412159943332275,0.717354662095507,0.08123733103275299,0.04022399956981341,0.0655359998345375,0.42524799704551697
Qwen3-8B_tp1_ctx1024_bs1,Qwen3-8B,1,1,1024,12,0.07669333616892497,0.6158399966855844,0.6435946635901928,0.7202879997591177,0.08221866438786189,0.041215999672810234,0.0655359998345375,0.42686933279037476
Qwen3-8B_tp1_ctx1024_bs1,Qwen3-8B,1,1,1024,13,0.07844266792138417,0.6123839964469274,0.6399786630645394,0.7184213309859236,0.0808533305923144,0.040287998815377556,0.06515199939409892,0.42609066764513653
Qwen3-8B_tp1_ctx1024_bs1,Qwen3-8B,1,1,1024,14,0.07945599903662999,0.6144213353594143,0.641898668371141,0.721354667407771,0.08157866448163986,0.0403413325548172,0.06618666648864746,0.4263146718343099
Qwen3-8B_tp1_ctx1024_bs1,Qwen3-8B,1,1,1024,15,0.07748266557852428,0.6160853281617165,0.6438826617474357,0.7213653273259599,0.08090666433175404,0.04065066576004028,0.06659200042486191,0.42793599764506024
Qwen3-8B_tp1_ctx1024_bs1,Qwen3-8B,1,1,1024,16,0.07737600306669871,0.614944006005923,0.6422933392847578,0.7196693423514565,0.08119466404120128,0.041247998674710594,0.06587733328342438,0.42662401000658673
Qwen3-8B_tp1_ctx1024_bs1,Qwen3-8B,1,1,1024,17,0.07746133456627528,0.6192213371396065,0.6470826705917716,0.7245440051580468,0.08187733342250188,0.04377600053946177,0.06656000018119812,0.4270080029964447
Qwen3-8B_tp1_ctx1024_bs1,Qwen3-8B,1,1,1024,18,0.07614933451016744,0.6138133257627487,0.6425493257120252,0.7186986602221926,0.08149333049853642,0.03993599861860275,0.06548266609509786,0.42690133055051166
Qwen3-8B_tp1_ctx1024_bs1,Qwen3-8B,1,1,1024,19,0.07816533247629802,0.6135786660015583,0.6413226658478379,0.7194879983241359,0.08211199690898259,0.0399039996167024,0.06550399959087372,0.4260586698849996
Qwen3-8B_tp1_ctx1024_bs1,Qwen3-8B,1,1,1024,20,0.07810133198897044,0.6129173350830873,0.6412053347254792,0.7193066667144496,0.08122666428486507,0.040501332531372704,0.0655359998345375,0.425653338432312
Qwen3-8B_tp1_ctx1024_bs1,Qwen3-8B,1,1,1024,21,0.07645867019891739,0.612394668161869,0.640298668295145,0.7167573384940624,0.08131199826796849,0.04058666527271271,0.06587733328342438,0.4246186713377635
Qwen3-8B_tp1_ctx1024_bs1,Qwen3-8B,1,1,1024,22,0.07860266665617625,0.6346346599360307,0.6618453270445267,0.7404479937007029,0.08070399860541026,0.06037333235144615,0.06757333377997081,0.4259839951992035
Qwen3-8B_tp1_ctx1024_bs1,Qwen3-8B,1,1,1024,23,0.07679999868075053,0.6123733334243298,0.6398400003090501,0.7166399989898006,0.08163199822107951,0.04027733330925306,0.06548266609509786,0.42498133579889935
Qwen3-8B_tp1_ctx1024_bs1,Qwen3-8B,1,1,1024,24,0.07678933441638947,0.6139413267374039,0.6418666600560148,0.7186559944724042,0.08157866448163986,0.042303999265034996,0.06600533177455266,0.42405333121617633
Qwen3-8B_tp1_ctx1024_bs1,Qwen3-8B,1,1,1024,25,0.075722669561704,0.6130666670699915,0.6419093338772655,0.7176320034389695,0.08090666681528091,0.04023466631770134,0.06492800017197926,0.4269973337650299
Qwen3-8B_tp1_ctx1024_bs1,Qwen3-8B,1,1,1024,26,0.07752533257007599,0.6114559906224409,0.6386773241683841,0.7162026567384601,0.08123733103275299,0.04020266607403755,0.0651093324025472,0.4249066611131032
Qwen3-8B_tp1_ctx1024_bs1,Qwen3-8B,1,1,1024,27,0.079605333507061,0.6106453314423561,0.6386666648710767,0.7182719983781377,0.08093866457541783,0.03972266614437103,0.06587733328342438,0.4241066674391429
Qwen3-8B_tp1_ctx1024_bs1,Qwen3-8B,1,1,1024,28,0.0752960021297137,0.6109119939307373,0.638282660394907,0.7135786625246207,0.08092799782752991,0.039925333112478256,0.06522666662931442,0.4248319963614146
Qwen3-8B_tp1_ctx1024_bs1,Qwen3-8B,1,1,1024,29,0.07612800349791844,0.6125546668966612,0.6397120002657175,0.715840003763636,0.08225066463152568,0.04089599847793579,0.06524800012509029,0.4241600036621094
Qwen3-8B_tp1_ctx1024_bs1,Qwen3-8B,1,1,1024,30,0.07501866668462753,0.6115626655519009,0.6388693321496248,0.7138879988342524,0.08059733361005783,0.04184533283114433,0.06485333293676376,0.42426666617393494
Qwen3-8B_tp1_ctx1024_bs1,Qwen3-8B,1,1,1024,31,0.07746133208274841,0.6121706602474054,0.6397226604943475,0.7171839925770959,0.08118399729331334,0.0422933337589105,0.06481066594521205,0.4238826632499695
Qwen3-8B_tp1_ctx1024_bs1,Qwen3-8B,1,1,1024,32,0.07545600086450577,0.6103679959972699,0.6402346631512046,0.7156906640157104,0.0809599980711937,0.040277332067489624,0.06519466638565063,0.423935999472936
Qwen3-8B_tp1_ctx1024_bs1,Qwen3-8B,1,1,1024,33,0.07714133461316426,0.6119786649942398,0.638549331886073,0.7156906664992373,0.08097066481908162,0.03993599861860275,0.06485333293676376,0.4262186686197917
Qwen3-8B_tp1_ctx1024_bs1,Qwen3-8B,1,1,1024,34,0.07800533374150594,0.6110826730728149,0.638325339804093,0.716330673545599,0.08055466413497925,0.04101333270470301,0.06557866682608922,0.42393600940704346
Qwen3-8B_tp1_ctx1024_bs1,Qwen3-8B,1,1,1024,35,0.07516800115505855,0.6095573306083679,0.6372693305214246,0.7124373316764832,0.08084266384442647,0.03996799886226654,0.06550399959087372,0.4232426683108012
Qwen3-8B_tp1_ctx1024_bs16,Qwen3-8B,1,16,1024,0,0.19962666928768158,0.7402773350477219,0.7638080020745596,0.9634346713622411,0.11809066931406657,0.06458666672309239,0.08561066538095474,0.47198933362960815
Qwen3-8B_tp1_ctx1024_bs16,Qwen3-8B,1,16,1024,1,0.16278399527072906,0.676853330185016,0.7094613304361701,0.8722453257068992,0.08796799927949905,0.049973332633574806,0.07069866855939229,0.46821332971254986
Qwen3-8B_tp1_ctx1024_bs16,Qwen3-8B,1,16,1024,2,0.15634133418401083,0.6705599973599116,0.7009493308141828,0.8572906649981936,0.08797866602738698,0.045408000548680626,0.0702400008837382,0.4669333299001058
Qwen3-8B_tp1_ctx1024_bs16,Qwen3-8B,1,16,1024,3,0.15451733271280924,0.6701119989156723,0.6995306657627225,0.8540479984755317,0.08840533345937729,0.04399999976158142,0.07022933413585027,0.46747733155886334
Qwen3-8B_tp1_ctx1024_bs16,Qwen3-8B,1,16,1024,4,0.15386667102575302,0.6675093335409958,0.6976640000939369,0.8515306711196899,0.08669866621494293,0.04423466697335243,0.06963200122117996,0.46694399913152057
Qwen3-8B_tp1_ctx1024_bs16,Qwen3-8B,1,16,1024,5,0.15224533528089523,0.6694613384703796,0.6991253383457661,0.8513706736266613,0.0870399996638298,0.042570666720469795,0.06986666719118755,0.4699840048948924
Qwen3-8B_tp1_ctx1024_bs16,Qwen3-8B,1,16,1024,6,0.15191466609636942,0.6684053242206573,0.6981226575250427,0.850037323621412,0.08744533360004425,0.04299733291069666,0.06994133442640305,0.46802132328351337
Qwen3-8B_tp1_ctx1024_bs16,Qwen3-8B,1,16,1024,7,0.15051733205715814,0.6651093401014805,0.6940586731458704,0.8445760052030286,0.08733866612116496,0.042368000994126,0.06987733393907547,0.4655253390471141
Qwen3-8B_tp1_ctx1024_bs16,Qwen3-8B,1,16,1024,8,0.15257600198189417,0.666997334609429,0.6952426678811511,0.8478186698630452,0.08659199873606364,0.042858666429917015,0.07162666817506154,0.46592000126838684
Qwen3-8B_tp1_ctx1024_bs16,Qwen3-8B,1,16,1024,9,0.15076266477505365,0.6657599980632464,0.6943573312213024,0.845119995996356,0.08669866621494293,0.04266666620969772,0.06924800078074138,0.4671466648578644
Qwen3-8B_tp1_ctx1024_bs16,Qwen3-8B,1,16,1024,10,0.15032533556222916,0.6640213330586752,0.6924053331216177,0.8427306686838468,0.08697599917650223,0.04269866645336151,0.0685546671350797,0.4657920002937317
Qwen3-8B_tp1_ctx1024_bs16,Qwen3-8B,1,16,1024,11,0.14977066467205682,0.6650559939444065,0.694175993402799,0.8439466580748558,0.08700799942016602,0.04249599948525429,0.06929066777229309,0.4662613272666931
Qwen3-8B_tp1_ctx1024_bs16,Qwen3-8B,1,16,1024,12,0.15118933220704397,0.6654399993518988,0.6935253329575062,0.8447146651645502,0.08737066636482875,0.04234666749835014,0.07014400015274684,0.4655786653359731
Qwen3-8B_tp1_ctx1024_bs16,Qwen3-8B,1,16,1024,13,0.1498133366306623,0.6632320036490759,0.6913600033149123,0.8411733399455746,0.0864426667491595,0.041749333341916404,0.06956800073385239,0.4654720028241475
Qwen3-8B_tp1_ctx1024_bs16,Qwen3-8B,1,16,1024,14,0.1505173295736313,0.665994664033254,0.6949439970776439,0.8454613266512752,0.0864319975177447,0.043007999658584595,0.06928000102440517,0.46727466583251953
Qwen3-8B_tp1_ctx1024_bs16,Qwen3-8B,1,16,1024,15,0.1505066677927971,0.6667413351436456,0.6957760015502572,0.8462826693430543,0.08826666573683421,0.042272000263134636,0.06896000107129414,0.4672426680723826
Qwen3-8B_tp1_ctx1024_bs16,Qwen3-8B,1,16,1024,16,0.15053866803646088,0.664501334230105,0.6928533340493838,0.8433920020858446,0.08635733276605606,0.04364799956480662,0.06994133442640305,0.46455466747283936
Qwen3-8B_tp1_ctx1024_bs16,Qwen3-8B,1,16,1024,17,0.1515093371272087,0.6650880003968874,0.6932053339357177,0.8447146710629264,0.0871146668990453,0.04172799984614054,0.06930133452018102,0.46694399913152057
Qwen3-8B_tp1_ctx1024_bs16,Qwen3-8B,1,16,1024,18,0.1497919981678327,0.6707199861605962,0.6994559857994318,0.8492479839672645,0.0906880001227061,0.04437333345413208,0.0691840002934138,0.46647465229034424
Qwen3-8B_tp1_ctx1024_bs16,Qwen3-8B,1,16,1024,19,0.15020799885193506,0.6637866708139578,0.6923520040387908,0.8425600028907259,0.08728533238172531,0.04261333371202151,0.06861866762240727,0.46526933709780377
Qwen3-8B_tp1_ctx1024_bs16,Qwen3-8B,1,16,1024,20,0.15085866302251816,0.6640106563766798,0.6930666562790672,0.8439253193015853,0.08707199990749359,0.04177066683769226,0.06992000093062718,0.4652479887008667
Qwen3-8B_tp1_ctx1024_bs16,Qwen3-8B,1,16,1024,21,0.15052799880504608,0.665482676277558,0.6941226761167247,0.8446506749217708,0.08635733276605606,0.04392533376812935,0.06896000107129414,0.46624000867207843
Qwen3-8B_tp1_ctx1024_bs16,Qwen3-8B,1,16,1024,22,0.14950400094191232,0.6640533258517584,0.6923306590567032,0.8418346599986155,0.08708266417185466,0.042634665966033936,0.06869333485762279,0.46564266085624695
Qwen3-8B_tp1_ctx1024_bs16,Qwen3-8B,1,16,1024,23,0.1501866653561592,0.6667839959263802,0.6954773291945457,0.845663994550705,0.08772266656160355,0.04266666620969772,0.06884266684452693,0.46755199631055194
Qwen3-8B_tp1_ctx1024_bs16,Qwen3-8B,1,16,1024,24,0.15010133385658264,0.6632426554958025,0.6915519886339704,0.841653322490553,0.0870399996638298,0.04135466615358988,0.06860800087451935,0.4662399888038635
Qwen3-8B_tp1_ctx1024_bs16,Qwen3-8B,1,16,1024,25,0.15113600343465805,0.665418665856123,0.6936853326236209,0.8448213360582789,0.0870399996638298,0.04259200021624565,0.06921600053707759,0.4665706654389699
Qwen3-8B_tp1_ctx1024_bs16,Qwen3-8B,1,16,1024,26,0.1504426673054695,0.6639146593709786,0.6933226594701409,0.8437653267756104,0.08674133320649464,0.042229333271582924,0.06964266796906789,0.4653013249238332
Qwen3-8B_tp1_ctx1024_bs16,Qwen3-8B,1,16,1024,27,0.1508693347374598,0.6639893352985382,0.6935360018784801,0.8444053366159399,0.0870399996638298,0.041482667128245033,0.06963200122117996,0.4658346672852834
Qwen3-8B_tp1_ctx1024_bs16,Qwen3-8B,1,16,1024,28,0.15147733688354492,0.6628586612641811,0.6909973276779056,0.8424746645614505,0.08665599922339122,0.041002667198578514,0.06865066786607106,0.4665493269761403
Qwen3-8B_tp1_ctx1024_bs16,Qwen3-8B,1,16,1024,29,0.15025066584348679,0.6717120048900446,0.6999466714138786,0.8501973372573653,0.0908266653617223,0.04395733401179314,0.06963200122117996,0.4672960042953491
Qwen3-8B_tp1_ctx1024_bs16,Qwen3-8B,1,16,1024,30,0.1491520032286644,0.6671786643564701,0.695519997427861,0.8446720006565254,0.08922666559616725,0.041589333365360893,0.07025066763162613,0.46611199776331586
Qwen3-8B_tp1_ctx1024_bs16,Qwen3-8B,1,16,1024,31,0.15036800255378088,0.663349337875843,0.6917546714345615,0.8421226739883424,0.08663466572761536,0.04134399940570196,0.06860800087451935,0.4667626718680064
Qwen3-8B_tp1_ctx1024_bs16,Qwen3-8B,1,16,1024,32,0.15121066321929297,0.6641280005375545,0.6926506670812766,0.8438613303005696,0.08806400001049042,0.04195199906826019,0.0687253326177597,0.4653866688410441
Qwen3-8B_tp1_ctx1024_bs16,Qwen3-8B,1,16,1024,33,0.1505066677927971,0.6633599872390429,0.6907626542573174,0.8412693220501145,0.08662399897972743,0.042090666790803276,0.06849066664775212,0.4661546548207601
Qwen3-8B_tp1_ctx1024_bs16,Qwen3-8B,1,16,1024,34,0.14847999811172485,0.6639359978338083,0.6950079981858531,0.843487996297578,0.08769066631793976,0.04189866657058398,0.06836266815662384,0.4659839967886607
Qwen3-8B_tp1_ctx1024_bs16,Qwen3-8B,1,16,1024,35,0.14857600380976996,0.6658026600877444,0.694175993402799,0.842751997212569,0.08876800040404002,0.0413973331451416,0.06963200122117996,0.4660053253173828
Qwen3-8B_tp1_ctx1024_bs64,Qwen3-8B,1,64,1024,0,0.23972266415754953,2.390399922927221,2.4158825897611678,2.655605253918717,0.1890346681078275,0.07098666578531265,0.09409066538016002,2.0362879236539206
Qwen3-8B_tp1_ctx1024_bs64,Qwen3-8B,1,64,1024,1,0.18777599930763245,0.7090880125761032,0.746613345729808,0.9343893450374404,0.09930666784445445,0.05495466788609823,0.07668266693751018,0.47814400990804035
Qwen3-8B_tp1_ctx1024_bs64,Qwen3-8B,1,64,1024,2,0.17169067015250525,0.6887146644294262,0.7213866642365853,0.8930773343890905,0.09352533270915349,0.047520000487565994,0.07259733478228252,0.4750719964504242
Qwen3-8B_tp1_ctx1024_bs64,Qwen3-8B,1,64,1024,3,0.17164799571037292,0.6874346633752187,0.7216533301398158,0.8933013258501887,0.09250133236249287,0.04650666564702988,0.07372800260782242,0.47469866275787354
Qwen3-8B_tp1_ctx1024_bs64,Qwen3-8B,1,64,1024,4,0.16962133596340814,0.6843306645751,0.7156053312743704,0.8852266672377785,0.09356799970070521,0.044682666659355164,0.07030400137106578,0.4757759968439738
Qwen3-8B_tp1_ctx1024_bs64,Qwen3-8B,1,64,1024,5,0.16697600235541663,0.6825920045375824,0.7147626709192991,0.8817386732747158,0.09210666517416637,0.04541866729656855,0.0706666683157285,0.47440000375111896
Qwen3-8B_tp1_ctx1024_bs64,Qwen3-8B,1,64,1024,6,0.16895999759435654,0.6798613419135412,0.7108800085261464,0.879840006120503,0.09177599847316742,0.04437333345413208,0.07061333457628886,0.4730986754099528
Qwen3-8B_tp1_ctx1024_bs64,Qwen3-8B,1,64,1024,7,0.16657066345214844,0.6791680033008257,0.7095040033260981,0.8760746667782465,0.09155200173457463,0.042752000192801155,0.07027200112740199,0.474592000246048
Qwen3-8B_tp1_ctx1024_bs64,Qwen3-8B,1,64,1024,8,0.16577066977818808,0.6807359953721365,0.7106879952674111,0.8764586650455992,0.09013333419958751,0.04505600035190582,0.07065600156784058,0.47489065925280255
Qwen3-8B_tp1_ctx1024_bs64,Qwen3-8B,1,64,1024,9,0.1662186657389005,0.6785279959440231,0.7097919958954056,0.8760106616343062,0.09099733084440231,0.04306133339802424,0.07001600166161855,0.474453330039978
Qwen3-8B_tp1_ctx1024_bs64,Qwen3-8B,1,64,1024,10,0.16621866325537363,0.680928001801173,0.711701335075001,0.8779199983303746,0.09258666634559631,0.04423466821511587,0.07067733506361644,0.4734293321768443
Qwen3-8B_tp1_ctx1024_bs64,Qwen3-8B,1,64,1024,11,0.16419199605782828,0.677653331309557,0.7098133315642675,0.8740053276220958,0.09109333405892055,0.04346666609247526,0.06992000093062718,0.473173330227534
Qwen3-8B_tp1_ctx1024_bs64,Qwen3-8B,1,64,1024,12,0.16441600024700165,0.6793813332915306,0.7104426672061284,0.87485866745313,0.09073066463073094,0.04331733286380768,0.07019733389218648,0.4751360019048055
Qwen3-8B_tp1_ctx1024_bs64,Qwen3-8B,1,64,1024,13,0.1631040001908938,0.6773333425323168,0.7074346756562591,0.8705386758471528,0.09011200070381165,0.04268799970547358,0.0699946681658427,0.4745386739571889
Qwen3-8B_tp1_ctx1024_bs64,Qwen3-8B,1,64,1024,14,0.16322133193413416,0.6791039953629175,0.7093013285969695,0.8725226605311036,0.09044266492128372,0.04373333354791006,0.07018666714429855,0.47474132974942523
Qwen3-8B_tp1_ctx1024_bs64,Qwen3-8B,1,64,1024,15,0.16291199872891107,0.679135991881291,0.7096639918163419,0.8725759905452529,0.09113599856694539,0.043946667263905205,0.06929066777229309,0.4747626582781474
Qwen3-8B_tp1_ctx1024_bs64,Qwen3-8B,1,64,1024,16,0.1628693367044131,0.6792853350440661,0.7105600017433366,0.8734293384477496,0.09073066711425781,0.0430826668938001,0.07001600166161855,0.47545599937438965
Qwen3-8B_tp1_ctx1024_bs64,Qwen3-8B,1,64,1024,17,0.1630826691786448,0.6778133312861124,0.7082239982361594,0.8713066674148042,0.09111466507116954,0.042965332667032875,0.06972800195217133,0.4740053315957387
Qwen3-8B_tp1_ctx1024_bs64,Qwen3-8B,1,64,1024,18,0.16346666465202966,0.6803093378742536,0.7106773375223081,0.8741440021743377,0.09205333143472672,0.043349333107471466,0.07108266899983089,0.47382400433222455
Qwen3-8B_tp1_ctx1024_bs64,Qwen3-8B,1,64,1024,19,0.1631360004345576,0.678549329439799,0.7082773291816314,0.871413329616189,0.092159998913606,0.04247466723124186,0.06963200122117996,0.4742826620737712
Qwen3-8B_tp1_ctx1024_bs64,Qwen3-8B,1,64,1024,20,0.16418133427699408,0.6799039940039316,0.7098559938992063,0.8740373281762004,0.09242666761080424,0.04271999994913737,0.07032533486684163,0.47443199157714844
Qwen3-8B_tp1_ctx1024_bs64,Qwen3-8B,1,64,1024,21,0.1628373364607493,0.6783893220126629,0.7091093218574921,0.8719466583182414,0.09113599856694539,0.04258133346835772,0.06963200122117996,0.4750399887561798
Qwen3-8B_tp1_ctx1024_bs64,Qwen3-8B,1,64,1024,22,0.16279466698567072,0.6793706739942234,0.7098240073149403,0.872618674300611,0.09062399963537852,0.04403200000524521,0.07162666817506154,0.473088006178538
Qwen3-8B_tp1_ctx1024_bs64,Qwen3-8B,1,64,1024,23,0.1652053346236547,0.6784533336758614,0.7083093331505855,0.8735146677742402,0.09031466643015544,0.0427306666970253,0.07065600156784058,0.47475199898084003
Qwen3-8B_tp1_ctx1024_bs64,Qwen3-8B,1,64,1024,24,0.1662826637427012,0.6768639956911404,0.7069226624444127,0.8732053261871139,0.08972800026337306,0.043007999658584595,0.07001600166161855,0.47411199410756427
Qwen3-8B_tp1_ctx1024_bs64,Qwen3-8B,1,64,1024,25,0.16452266524235407,0.6802560041348139,0.7097280037899812,0.8742506690323353,0.09181866546471913,0.04386133452256521,0.07005866865317027,0.4745173354943593
Qwen3-8B_tp1_ctx1024_bs64,Qwen3-8B,1,64,1024,26,0.163872001071771,0.6770133363703886,0.707082669561108,0.870954670632879,0.09044266492128372,0.04293333366513252,0.07089066753784816,0.47274667024612427
Qwen3-8B_tp1_ctx1024_bs64,Qwen3-8B,1,64,1024,27,0.1641173337896665,0.6808960015575092,0.7105066683143377,0.8746240021040043,0.09249066561460495,0.04369066655635834,0.07065600156784058,0.47405866781870526
Qwen3-8B_tp1_ctx1024_bs64,Qwen3-8B,1,64,1024,28,0.16378666212161383,0.6820693301657835,0.7117226632932822,0.875509325414896,0.09272533406813939,0.044746665904919304,0.07047466685374577,0.47412266333897907
Qwen3-8B_tp1_ctx1024_bs64,Qwen3-8B,1,64,1024,29,0.16348800311485925,0.6806506713231405,0.7112746713683009,0.8747626744831601,0.09225599964459737,0.042794667184352875,0.06967466821273167,0.47592533628145856
Qwen3-8B_tp1_ctx1024_bs64,Qwen3-8B,1,64,1024,30,0.16296532998482385,0.677130676805973,0.7073706770315766,0.8703360070164005,0.09180799871683121,0.043007999658584595,0.06995200117429097,0.4723626772562663
Qwen3-8B_tp1_ctx1024_bs64,Qwen3-8B,1,64,1024,31,0.1641813317934672,0.6804906738301119,0.7117440073440472,0.8759253391375144,0.09186133245627086,0.04295466716090838,0.07122133423884709,0.4744533399740855
Qwen3-8B_tp1_ctx1024_bs64,Qwen3-8B,1,64,1024,32,0.16725333283344904,0.6803839914500713,0.7108159912750125,0.8780693241084615,0.09147733201583226,0.04321066662669182,0.07064533481995265,0.4750506579875946
Qwen3-8B_tp1_ctx1024_bs64,Qwen3-8B,1,64,1024,33,0.1628159979979197,0.6816319984694322,0.7123946649953723,0.875210662993292,0.09348266571760178,0.04477866614858309,0.06994133442640305,0.4734293321768443
Qwen3-8B_tp1_ctx1024_bs64,Qwen3-8B,1,64,1024,34,0.1638293315966924,0.675968007495006,0.7059946740046144,0.8698240056013068,0.09109333405892055,0.04296533390879631,0.06890666733185451,0.47300267219543457
Qwen3-8B_tp1_ctx1024_bs64,Qwen3-8B,1,64,1024,35,0.1623999997973442,0.6781760044395924,0.7084373375400901,0.8708373373374343,0.09079466511805852,0.04261333371202151,0.0699946681658427,0.4747733374436696
Qwen3-8B_tp1_ctx128_bs1,Qwen3-8B,1,1,128,0,0.10839466750621796,0.6460480131208897,0.6681920133220652,0.7765866808282832,0.096800001959006,0.054591999699672066,0.06997333467006683,0.4246826767921448
Qwen3-8B_tp1_ctx128_bs1,Qwen3-8B,1,1,128,1,0.08909866710503896,0.6184426633020242,0.6495039965957403,0.7386026637007793,0.08221866438786189,0.045130666345357895,0.06587733328342438,0.42521599928538006
Qwen3-8B_tp1_ctx128_bs1,Qwen3-8B,1,1,128,2,0.0835946649312973,0.614111992220084,0.6430293253312509,0.7266239902625482,0.0819413314263026,0.04369066655635834,0.06551466633876164,0.4229653278986613
Qwen3-8B_tp1_ctx128_bs1,Qwen3-8B,1,1,128,3,0.0795519972840945,0.6119359980026882,0.6409813311571877,0.7205333284412822,0.08122666428486507,0.04180266708135605,0.0645546664794286,0.4243520001570384
Qwen3-8B_tp1_ctx128_bs1,Qwen3-8B,1,1,128,4,0.08093866457541783,0.6129706601301829,0.6414079936221242,0.7223466581975421,0.08154666423797607,0.04265599946180979,0.0645546664794286,0.42421332995096844
Qwen3-8B_tp1_ctx128_bs1,Qwen3-8B,1,1,128,5,0.07740800082683563,0.6126506701111794,0.6411093364780148,0.7185173373048505,0.08150399972995122,0.042335999508698784,0.06489599992831548,0.42391467094421387
Qwen3-8B_tp1_ctx128_bs1,Qwen3-8B,1,1,128,6,0.07815466572841008,0.6093546648820242,0.6400533312310775,0.7182079969594877,0.08055466413497925,0.04198399931192398,0.06390399982531865,0.42291200160980225
Qwen3-8B_tp1_ctx128_bs1,Qwen3-8B,1,1,128,7,0.07750399907430013,0.6113493330776691,0.6395733331640562,0.7170773322383563,0.08087466408809026,0.04225066676735878,0.06505599866310756,0.42316800355911255
Qwen3-8B_tp1_ctx128_bs1,Qwen3-8B,1,1,128,8,0.07817600170771281,0.6152853320042292,0.6440106648951769,0.7221866666028897,0.0852799986799558,0.04198399931192398,0.0651093324025472,0.42291200160980225
Qwen3-8B_tp1_ctx128_bs1,Qwen3-8B,1,1,128,9,0.07739733159542084,0.6143253395954767,0.6456000056738654,0.7229973372692863,0.08285866677761078,0.042421333491802216,0.06545066585143407,0.4235946734746297
Qwen3-8B_tp1_ctx128_bs1,Qwen3-8B,1,1,128,10,0.07793066650629044,0.612725334862868,0.6410773349925876,0.719008001498878,0.08049066613117854,0.04332799961169561,0.06462933371464412,0.42427733540534973
Qwen3-8B_tp1_ctx128_bs1,Qwen3-8B,1,1,128,11,0.07777066777149837,0.6136533406873544,0.6425066739320755,0.7202773417035738,0.0808853308359782,0.043946667263905205,0.06530133386452992,0.4235200087229411
Qwen3-8B_tp1_ctx128_bs1,Qwen3-8B,1,1,128,12,0.07720533261696498,0.6100053253273169,0.6382933249697089,0.7154986575866739,0.0806079978744189,0.04162133360902468,0.0644799992442131,0.4232959945996602
Qwen3-8B_tp1_ctx128_bs1,Qwen3-8B,1,1,128,13,0.0786240001519521,0.6105920001864433,0.6396586665262779,0.71828266667823,0.0801599994301796,0.04131199916203817,0.06459733347098033,0.42452266812324524
Qwen3-8B_tp1_ctx128_bs1,Qwen3-8B,1,1,128,14,0.079946664472421,0.6127573301394781,0.6407359965766469,0.720682661049068,0.08054399987061818,0.04364799956480662,0.065461332599322,0.42310399810473126
Qwen3-8B_tp1_ctx128_bs1,Qwen3-8B,1,1,128,15,0.07760000228881836,0.6113493380447229,0.6400640044982235,0.7176640067870419,0.08018133044242859,0.043242666870355606,0.06490666667620341,0.4230186740557353
Qwen3-8B_tp1_ctx128_bs1,Qwen3-8B,1,1,128,16,0.07842133442560832,0.6125119986633459,0.6405333317816257,0.718954666207234,0.08079999933640163,0.0430933323999246,0.06492800017197926,0.42369066675504047
Qwen3-8B_tp1_ctx128_bs1,Qwen3-8B,1,1,128,17,0.08241066833337148,0.6099626570940018,0.6389439906924963,0.7213546590258678,0.07991466422875722,0.04092799872159958,0.06454399973154068,0.4245759944121043
Qwen3-8B_tp1_ctx128_bs1,Qwen3-8B,1,1,128,18,0.08292266726493835,0.6109546720981598,0.6399466715132197,0.7228693387781581,0.08089599758386612,0.04164266586303711,0.06485333293676376,0.4235626757144928
Qwen3-8B_tp1_ctx128_bs1,Qwen3-8B,1,1,128,19,0.08117333302895229,0.6107306703925133,0.6406826702877879,0.7218560033167402,0.08058666437864304,0.04127999891837438,0.06485333293676376,0.4240106741587321
Qwen3-8B_tp1_ctx128_bs1,Qwen3-8B,1,1,128,20,0.08296533425649007,0.610751997679472,0.639317330904305,0.7222826651607951,0.08041599889596303,0.0412373331685861,0.06516266614198685,0.423935999472936
Qwen3-8B_tp1_ctx128_bs1,Qwen3-8B,1,1,128,21,0.07891199986139934,0.6097706655661265,0.6378133318697413,0.7167253317311406,0.08081066608428955,0.04138666639725367,0.0648319994409879,0.4227413336435954
Qwen3-8B_tp1_ctx128_bs1,Qwen3-8B,1,1,128,22,0.07539200286070506,0.6083199928204218,0.6365439929068089,0.7119359957675139,0.07981866598129272,0.041162667175134025,0.0648319994409879,0.4225066602230072
Qwen3-8B_tp1_ctx128_bs1,Qwen3-8B,1,1,128,23,0.0778346632917722,0.609589325884978,0.6380159923185905,0.7158506556103628,0.08055466413497925,0.04127999891837438,0.06477866570154826,0.4229759971300761
Qwen3-8B_tp1_ctx128_bs1,Qwen3-8B,1,1,128,24,0.07734400033950806,0.6114240003128847,0.6408746664722761,0.7182186668117841,0.08091733107964198,0.04162133360902468,0.06489599992831548,0.4239893356959025
Qwen3-8B_tp1_ctx128_bs1,Qwen3-8B,1,1,128,25,0.07612800101439159,0.6114773216346899,0.6408426547423005,0.716970655756692,0.08023466418186824,0.04153599962592125,0.06481066594521205,0.4248959918816884
Qwen3-8B_tp1_ctx128_bs1,Qwen3-8B,1,1,128,26,0.07654400169849396,0.6116266623139381,0.6430293284356594,0.7195733301341534,0.08118399729331334,0.041365332901477814,0.06489599992831548,0.4241813321908315
Qwen3-8B_tp1_ctx128_bs1,Qwen3-8B,1,1,128,27,0.07758933305740356,0.6110399961471558,0.6394346629579861,0.7170239960153897,0.08085333307584126,0.04125866542259852,0.06487466643253963,0.42405333121617633
Qwen3-8B_tp1_ctx128_bs1,Qwen3-8B,1,1,128,28,0.07747199883063634,0.6103999887903531,0.6400213222950697,0.7174933211257061,0.08055466413497925,0.040991999208927155,0.06382933259010315,0.42502399285634357
Qwen3-8B_tp1_ctx128_bs1,Qwen3-8B,1,1,128,29,0.0772479996085167,0.6093759958942732,0.6375146626184384,0.7147626622269551,0.08027733117341995,0.040661332507928215,0.06478933244943619,0.42364799976348877
Qwen3-8B_tp1_ctx128_bs1,Qwen3-8B,1,1,128,30,0.07688533266385396,0.6092479924360911,0.6382293257241448,0.7151146583879988,0.0808533305923144,0.041290665666262306,0.06396800031264623,0.42313599586486816
Qwen3-8B_tp1_ctx128_bs1,Qwen3-8B,1,1,128,31,0.07852799942096074,0.6148053333163261,0.6432746664310495,0.7218026658520103,0.08123733103275299,0.04530133306980133,0.0646826649705569,0.4235840042432149
Qwen3-8B_tp1_ctx128_bs1,Qwen3-8B,1,1,128,32,0.0761599987745285,0.6101013397177061,0.6379093397408724,0.7140693385154009,0.0813973347345988,0.04130133241415024,0.06422399977842967,0.42317867279052734
Qwen3-8B_tp1_ctx128_bs1,Qwen3-8B,1,1,128,33,0.07674666742483775,0.609834666053454,0.6378773326675097,0.7146240000923474,0.08089599758386612,0.04118400067090988,0.06446933249632518,0.4232853353023529
Qwen3-8B_tp1_ctx128_bs1,Qwen3-8B,1,1,128,34,0.07680000116427739,0.6125866584479809,0.6425493250911435,0.7193493262554209,0.08157866448163986,0.04157866661747297,0.06485333293676376,0.4245759944121043
Qwen3-8B_tp1_ctx128_bs1,Qwen3-8B,1,1,128,35,0.0787306676308314,0.587935995310545,0.6187306620801488,0.6974613297109802,0.08119466404120128,0.04196266705791155,0.06505599866310756,0.3997226655483246
Qwen3-8B_tp1_ctx128_bs16,Qwen3-8B,1,16,128,0,0.11468800157308578,0.7268053268392881,0.7489919934111336,0.8636799949842194,0.10775466759999593,0.05723733206590017,0.08157866448163986,0.48023466269175213
Qwen3-8B_tp1_ctx128_bs16,Qwen3-8B,1,16,128,1,0.09625600278377533,0.6720959916710854,0.7031146582836907,0.799370661067466,0.088298665980498,0.04661333312590917,0.0696106677254041,0.4675733248392741
Qwen3-8B_tp1_ctx128_bs16,Qwen3-8B,1,16,128,2,0.09216000139713287,0.6681066540380319,0.697215987679859,0.7893759890769919,0.08683733393748601,0.04472533240914345,0.06994133442640305,0.4666026532649994
Qwen3-8B_tp1_ctx128_bs16,Qwen3-8B,1,16,128,3,0.09079466760158539,0.6651733368635178,0.6938773365691304,0.7846720041707158,0.08715733389059703,0.0427306666970253,0.06919466704130173,0.4660906692345937
Qwen3-8B_tp1_ctx128_bs16,Qwen3-8B,1,16,128,4,0.08977066725492477,0.6635093316435814,0.6917759984110793,0.7815466656660041,0.08601599931716919,0.04238933324813843,0.06890666733185451,0.46619733174641925
Qwen3-8B_tp1_ctx128_bs16,Qwen3-8B,1,16,128,5,0.0894293338060379,0.6645546654860178,0.6926399987811843,0.7820693325872222,0.08738133311271667,0.04303999990224838,0.06884266684452693,0.4652906656265259
Qwen3-8B_tp1_ctx128_bs16,Qwen3-8B,1,16,128,6,0.08805333326260249,0.6672426710526149,0.6959786706914505,0.7840320039540529,0.0873173326253891,0.04369066655635834,0.06860800087451935,0.4676266709963481
Qwen3-8B_tp1_ctx128_bs16,Qwen3-8B,1,16,128,7,0.08852266768614452,0.6628480007251103,0.6917653338362773,0.7802880015224217,0.08635733276605606,0.04234666625658671,0.0685546671350797,0.4655893345673879
Qwen3-8B_tp1_ctx128_bs16,Qwen3-8B,1,16,128,8,0.08742400010426839,0.6648746704061825,0.6941866700847943,0.7816106701890627,0.08607999980449677,0.04232533276081085,0.0692586675286293,0.46721067031224567
Qwen3-8B_tp1_ctx128_bs16,Qwen3-8B,1,16,128,9,0.08806400001049042,0.662751999994119,0.6917440000300606,0.7798080000405511,0.08601599931716919,0.04236799975236257,0.06849066664775212,0.46587733427683514
Qwen3-8B_tp1_ctx128_bs16,Qwen3-8B,1,16,128,10,0.08839466671148936,0.6659733305374781,0.6945493305101991,0.7829439972216884,0.08814933399359386,0.043349333107471466,0.06857600063085556,0.46589866280555725
Qwen3-8B_tp1_ctx128_bs16,Qwen3-8B,1,16,128,11,0.08738133311271667,0.6642986759543419,0.6954026753082871,0.7827840084210038,0.0870399996638298,0.04201599955558777,0.06829866766929626,0.46694400906562805
Qwen3-8B_tp1_ctx128_bs16,Qwen3-8B,1,16,128,12,0.08734933286905289,0.6670613301297028,0.695829330322643,0.7831786631916959,0.0870399996638298,0.04255999997258186,0.07090133428573608,0.4665599962075551
Qwen3-8B_tp1_ctx128_bs16,Qwen3-8B,1,16,128,13,0.08794666578372319,0.6622399960954984,0.6912853295604388,0.779231995344162,0.08602666606505711,0.04144000013669332,0.0695360004901886,0.4652373294035594
Qwen3-8B_tp1_ctx128_bs16,Qwen3-8B,1,16,128,14,0.08840533345937729,0.6630613282322884,0.6917866614336768,0.7801919948930541,0.08676266670227051,0.0421013335386912,0.06930133452018102,0.46489599347114563
Qwen3-8B_tp1_ctx128_bs16,Qwen3-8B,1,16,128,15,0.08762666583061218,0.6665813314417998,0.6952853311474124,0.7829119969780246,0.08841600020726521,0.04250666623314222,0.06904533257087071,0.46661333243052167
Qwen3-8B_tp1_ctx128_bs16,Qwen3-8B,1,16,128,16,0.08596266557772954,0.6607893283168476,0.688554661658903,0.7745173272366326,0.08597333232561748,0.04140799989302953,0.06817066669464111,0.4652373294035594
Qwen3-8B_tp1_ctx128_bs16,Qwen3-8B,1,16,128,17,0.08747733136018117,0.6637546680867672,0.692053334787488,0.7795306661476692,0.0870399996638298,0.042357334246238075,0.06885333359241486,0.4655040005842845
Qwen3-8B_tp1_ctx128_bs16,Qwen3-8B,1,16,128,18,0.09077333410580952,0.662965327501297,0.6913919939349095,0.782165328040719,0.08635733276605606,0.041482667128245033,0.06894933432340622,0.46617599328358966
Qwen3-8B_tp1_ctx128_bs16,Qwen3-8B,1,16,128,19,0.0894293338060379,0.6625279995302359,0.6916373325511813,0.7810666663572192,0.08692266543706258,0.04184533283114433,0.06883200009663899,0.46492800116539
Qwen3-8B_tp1_ctx128_bs16,Qwen3-8B,1,16,128,20,0.08705066641171773,0.6590186630686125,0.6874026628211141,0.7744533292328318,0.08420266459385554,0.041749333341916404,0.06823466718196869,0.46483199795087177
Qwen3-8B_tp1_ctx128_bs16,Qwen3-8B,1,16,128,21,0.08635733276605606,0.6609599913160006,0.6902186581864953,0.7765759909525514,0.08668799946705501,0.041450666884581246,0.06826666742563248,0.4645546575387319
Qwen3-8B_tp1_ctx128_bs16,Qwen3-8B,1,16,128,22,0.08824533224105835,0.6660586694876353,0.6946666690831383,0.7829120013241967,0.08607999980449677,0.04408533374468485,0.06997333467006683,0.46592000126838684
Qwen3-8B_tp1_ctx128_bs16,Qwen3-8B,1,16,128,23,0.08647466699282329,0.6644693315029144,0.6932586645707488,0.779733331563572,0.0870399996638298,0.04135466615358988,0.06913066655397415,0.46694399913152057
Qwen3-8B_tp1_ctx128_bs16,Qwen3-8B,1,16,128,24,0.08635733276605606,0.6634026616811752,0.6912319948896766,0.7775893276557326,0.08706133315960567,0.04222933202981949,0.06825600067774455,0.46585599581400555
Qwen3-8B_tp1_ctx128_bs16,Qwen3-8B,1,16,128,25,0.08799999952316284,0.6633386723697186,0.6929600058744351,0.7809600053975979,0.08664533247550328,0.041930666814247765,0.06894933432340622,0.4658133387565613
Qwen3-8B_tp1_ctx128_bs16,Qwen3-8B,1,16,128,26,0.08840533345937729,0.6594239970048269,0.6868053305273255,0.7752106639867028,0.08567466586828232,0.041962665816148124,0.06823466718196869,0.46355199813842773
Qwen3-8B_tp1_ctx128_bs16,Qwen3-8B,1,16,128,27,0.08765866607427597,0.6663466741641362,0.6945706742505232,0.7822293403247992,0.08946133404970169,0.04164266586303711,0.06826666742563248,0.46697600682576496
Qwen3-8B_tp1_ctx128_bs16,Qwen3-8B,1,16,128,28,0.08625066528717677,0.6634239939351876,0.6966293277218938,0.7828799930090705,0.08635733276605606,0.04317866638302803,0.0682026669383049,0.46568532784779865
Qwen3-8B_tp1_ctx128_bs16,Qwen3-8B,1,16,128,29,0.08697599917650223,0.663551998635133,0.6915519985680778,0.77852799774458,0.08798933277527492,0.041834667325019836,0.06889600058396657,0.46483199795087177
Qwen3-8B_tp1_ctx128_bs16,Qwen3-8B,1,16,128,30,0.08629333227872849,0.662559994806846,0.690762661707898,0.7770559939866265,0.08587733159462611,0.041930666814247765,0.06790400048096974,0.4668479959170024
Qwen3-8B_tp1_ctx128_bs16,Qwen3-8B,1,16,128,31,0.08614400029182434,0.6616426656643549,0.6898986656839649,0.7760426659757892,0.08649599800507228,0.04106666644414266,0.06849066664775212,0.4655893345673879
Qwen3-8B_tp1_ctx128_bs16,Qwen3-8B,1,16,128,32,0.0862613320350647,0.6633813331524531,0.6916906662906209,0.7779519983256856,0.0874986673394839,0.04270933320124944,0.06896000107129414,0.4642133315404256
Qwen3-8B_tp1_ctx128_bs16,Qwen3-8B,1,16,128,33,0.08601599931716919,0.6616426656643549,0.6903893320510784,0.7764053313682476,0.08726399888594945,0.04138666639725367,0.06823466718196869,0.46475733319918316
Qwen3-8B_tp1_ctx128_bs16,Qwen3-8B,1,16,128,34,0.08795733253161113,0.6638186636070411,0.6938559971749783,0.7818133297065893,0.08803199976682663,0.04262400045990944,0.0679253339767456,0.4652373294035594
Qwen3-8B_tp1_ctx128_bs16,Qwen3-8B,1,16,128,35,0.08772266656160355,0.6627840076883634,0.6907946740587553,0.7785173406203588,0.08669866621494293,0.04127999891837438,0.06823466718196869,0.4665706753730774
Qwen3-8B_tp1_ctx128_bs64,Qwen3-8B,1,64,128,0,0.1661546677350998,0.8167360151807467,0.8392746816389263,1.005429349374026,0.12356266627709071,0.061781334380308785,0.09556266913811366,0.5358293453852335
Qwen3-8B_tp1_ctx128_bs64,Qwen3-8B,1,64,128,1,0.14065066476662955,0.7419733479619026,0.7727146813025078,0.9133653460691373,0.10136533280213673,0.04673066735267639,0.07606400301059087,0.5178133447964987
Qwen3-8B_tp1_ctx128_bs64,Qwen3-8B,1,64,128,2,0.13619199891885123,0.732938679556052,0.7638826795543234,0.9000746784731747,0.10028799871603648,0.044426667193571724,0.07437866926193237,0.5138453443845113
Qwen3-8B_tp1_ctx128_bs64,Qwen3-8B,1,64,128,3,0.13687466581662497,0.7360959971944491,0.7664959970861673,0.9033706629027923,0.1001173307498296,0.04377600053946177,0.07337600241104762,0.5188266634941101
Qwen3-8B_tp1_ctx128_bs64,Qwen3-8B,1,64,128,4,0.1361386626958847,0.7311893229683241,0.7600533226504922,0.8961919853463769,0.09930666536092758,0.044096000492572784,0.07345066716273625,0.5143359899520874
Qwen3-8B_tp1_ctx128_bs64,Qwen3-8B,1,64,128,5,0.13405866424242655,0.7309973252316315,0.7605333250636855,0.8945919893061121,0.10002133001883824,0.04383999978502592,0.0727040022611618,0.5144319931666056
Qwen3-8B_tp1_ctx128_bs64,Qwen3-8B,1,64,128,6,0.13134933511416116,0.7310719713568687,0.7599999712159236,0.8913493063300847,0.10103466361761093,0.04327466587225596,0.07241600255171458,0.5143466393152872
Qwen3-8B_tp1_ctx128_bs64,Qwen3-8B,1,64,128,7,0.13516799608866373,0.7299413109819094,0.7591359770546356,0.8943039731432993,0.10103466361761093,0.04269866645336151,0.07216000060240428,0.5140479803085327
Qwen3-8B_tp1_ctx128_bs64,Qwen3-8B,1,64,128,8,0.13209599256515503,0.7302079995473225,0.7597653325647116,0.8918613251298666,0.09892266988754272,0.04234666625658671,0.0732586681842804,0.5156799952189127
Qwen3-8B_tp1_ctx128_bs64,Qwen3-8B,1,64,128,9,0.1320853332678477,0.7328640036284924,0.7609813371673226,0.8930666704351703,0.10103466361761093,0.04204800104101499,0.07233066856861115,0.5174506704012553
Qwen3-8B_tp1_ctx128_bs64,Qwen3-8B,1,64,128,10,0.1324266642332077,0.7333333318432171,0.76231466482083,0.8947413290540377,0.10127999881903331,0.04369066655635834,0.07267200201749802,0.5156906644503275
Qwen3-8B_tp1_ctx128_bs64,Qwen3-8B,1,64,128,11,0.13141333063443503,0.7323733121156693,0.7609493117779493,0.8923626424123844,0.10369066894054413,0.04268799970547358,0.07229866832494736,0.5136959751447042
Qwen3-8B_tp1_ctx128_bs64,Qwen3-8B,1,64,128,12,0.1317333330710729,0.7399573388199011,0.7681173387294015,0.8998506718004744,0.10165333251158397,0.04486400013168653,0.07358933488527934,0.5198506712913513
Qwen3-8B_tp1_ctx128_bs64,Qwen3-8B,1,64,128,13,0.13056000073750815,0.7317866484324138,0.7610026483113568,0.891562649048865,0.10068266342083614,0.04265599946180979,0.07397333532571793,0.5144746502240499
Qwen3-8B_tp1_ctx128_bs64,Qwen3-8B,1,64,128,14,0.13361066579818726,0.73117866491278,0.7608426647881666,0.8944533305863539,0.09932799885670344,0.04309333488345146,0.07406933605670929,0.5146879951159159
Qwen3-8B_tp1_ctx128_bs64,Qwen3-8B,1,64,128,15,0.13279999792575836,0.7294613271951675,0.7579733273014426,0.890773325227201,0.09998933225870132,0.042965332667032875,0.07256533453861873,0.5139413277308146
Qwen3-8B_tp1_ctx128_bs64,Qwen3-8B,1,64,128,16,0.13209600249926248,0.7327466582258542,0.7634026575833559,0.8954986600826184,0.10069333016872406,0.04291199892759323,0.07221333185831706,0.5169279972712199
Qwen3-8B_tp1_ctx128_bs64,Qwen3-8B,1,64,128,17,0.1309546728928884,0.7346133266886075,0.764277326874435,0.8952319997673234,0.10035199671983719,0.04264533271392187,0.07691733290751775,0.5146986643473307
Qwen3-8B_tp1_ctx128_bs64,Qwen3-8B,1,64,128,18,0.13245866696039835,0.7260479753216107,0.7562346418077747,0.888693308768173,0.09940266360839208,0.041749333341916404,0.07301333546638489,0.5118826429049174
Qwen3-8B_tp1_ctx128_bs64,Qwen3-8B,1,64,128,19,0.13100799918174744,0.7287359908223152,0.7573119904845953,0.8883199896663427,0.10109866410493851,0.042250665525595345,0.07236266881227493,0.5130239923795065
Qwen3-8B_tp1_ctx128_bs64,Qwen3-8B,1,64,128,20,0.1308266669511795,0.7279039981464546,0.7566613315915068,0.8874879985426863,0.09946666906277339,0.042229333271582924,0.07193600138028462,0.5142719944318136
Qwen3-8B_tp1_ctx128_bs64,Qwen3-8B,1,64,128,21,0.13004800180594125,0.7284266725182533,0.7573760058730841,0.8874240076790253,0.10161066552003224,0.04201599955558777,0.07246933629115422,0.5123306711514791
Qwen3-8B_tp1_ctx128_bs64,Qwen3-8B,1,64,128,22,0.13068799674510956,0.7298453425367674,0.7582613428433737,0.8889493395884832,0.1001173307498296,0.04467199991146723,0.07237333556016286,0.5126826763153076
Qwen3-8B_tp1_ctx128_bs64,Qwen3-8B,1,64,128,23,0.1331199953953425,0.7312213430802027,0.7596266763284802,0.8927466717238227,0.10165333251158397,0.04173866659402847,0.0730773334701856,0.5147520105044047
Qwen3-8B_tp1_ctx128_bs64,Qwen3-8B,1,64,128,24,0.13107200463612875,0.7340053282678127,0.7629973276828727,0.8940693323190014,0.10125866780678432,0.043114665895700455,0.0728000005086263,0.5168319940567017
Qwen3-8B_tp1_ctx128_bs64,Qwen3-8B,1,64,128,25,0.1328426649173101,0.7284693320592244,0.7578453319147229,0.890687996832033,0.10038399696350098,0.04266666620969772,0.07269333551327388,0.5127253333727518
Qwen3-8B_tp1_ctx128_bs64,Qwen3-8B,1,64,128,26,0.13062399625778198,0.7252160062392553,0.7540373395507535,0.8846613358085355,0.09956266731023788,0.04198399931192398,0.07175466914971669,0.5119146704673767
Qwen3-8B_tp1_ctx128_bs64,Qwen3-8B,1,64,128,27,0.1313386708498001,0.7277226845423381,0.7562346846486132,0.8875733554984133,0.10133333255847295,0.042047999799251556,0.0727040022611618,0.5116373499234518
Qwen3-8B_tp1_ctx128_bs64,Qwen3-8B,1,64,128,28,0.1296853373448054,0.7318826491634052,0.7625066488981247,0.8921919862429301,0.10200533270835876,0.04201599955558777,0.07289600123961766,0.5149653156598409
Qwen3-8B_tp1_ctx128_bs64,Qwen3-8B,1,64,128,29,0.13023999830087027,0.7274453441301981,0.7561920105169216,0.8864320088177919,0.09984000027179718,0.04198399931192398,0.07335466891527176,0.5122666756312052
Qwen3-8B_tp1_ctx128_bs64,Qwen3-8B,1,64,128,30,0.13157333433628082,0.7263786618908246,0.7572266620894272,0.8887999964257081,0.10038399696350098,0.04180266708135605,0.07197866837183635,0.5122133294741312
Qwen3-8B_tp1_ctx128_bs64,Qwen3-8B,1,64,128,31,0.13063466548919678,0.7305173277854919,0.7590613278249899,0.8896959933141867,0.10045866419871648,0.04228266576925913,0.07209600259860356,0.5156799952189127
Qwen3-8B_tp1_ctx128_bs64,Qwen3-8B,1,64,128,32,0.13107200463612875,0.7272426411509514,0.7556799743324518,0.8867519789685806,0.0987199991941452,0.04232533276081085,0.07340800017118454,0.5127893090248108
Qwen3-8B_tp1_ctx128_bs64,Qwen3-8B,1,64,128,33,0.13021866977214813,0.7303359930713972,0.7597759927933415,0.8899946625654896,0.10135466357072194,0.04266666620969772,0.07195733487606049,0.514357328414917
Qwen3-8B_tp1_ctx128_bs64,Qwen3-8B,1,64,128,34,0.13004800180594125,0.729535985738039,0.7588586527854204,0.8889066545913616,0.09993599851926167,0.04293333366513252,0.07202133536338806,0.5146453181902567
Qwen3-8B_tp1_ctx128_bs64,Qwen3-8B,1,64,128,35,0.13030399878819784,0.7265173234045506,0.756895989800493,0.8871999885886909,0.09861333171526591,0.041589333365360893,0.07230933507283528,0.5140053232510885
Qwen3-8B_tp1_ctx2048_bs1,Qwen3-8B,1,1,2048,0,0.10820266604423523,0.6461546619733175,0.6678293289927145,0.7760319950369498,0.09729066739479701,0.05529599885145823,0.06894933432340622,0.424618661403656
Qwen3-8B_tp1_ctx2048_bs1,Qwen3-8B,1,1,2048,1,0.08966399977604549,0.619007999698321,0.649759999786814,0.7394239995628594,0.08186666419108708,0.0450133333603541,0.0664426659544309,0.4256853361924489
Qwen3-8B_tp1_ctx2048_bs1,Qwen3-8B,1,1,2048,2,0.08447999755541484,0.6138026540478071,0.6430293203641971,0.7275093179196119,0.08157866448163986,0.04329599936803182,0.06482133269309998,0.4241066575050354
Qwen3-8B_tp1_ctx2048_bs1,Qwen3-8B,1,1,2048,3,0.08245333284139633,0.6147839973370234,0.6437653300041953,0.7262186628455917,0.08135466525952022,0.04198399931192398,0.06656000018119812,0.4248853325843811
Qwen3-8B_tp1_ctx2048_bs1,Qwen3-8B,1,1,2048,4,0.08123733103275299,0.6145280015965302,0.6430293346444765,0.7242666656772295,0.08092799782752991,0.04190933331847191,0.06587733328342438,0.42581333716710407
Qwen3-8B_tp1_ctx2048_bs1,Qwen3-8B,1,1,2048,5,0.08084266384442647,0.6178346648812294,0.6467306648070614,0.7275733286514879,0.08156799773375194,0.04266666620969772,0.06589866677920024,0.4277013341585795
Qwen3-8B_tp1_ctx2048_bs1,Qwen3-8B,1,1,2048,6,0.08143999924262364,0.6195519963900248,0.6480319962526361,0.7294719954952598,0.0816533366839091,0.041290665666262306,0.0668693333864212,0.4297386606534322
Qwen3-8B_tp1_ctx2048_bs1,Qwen3-8B,1,1,2048,7,0.08115199953317642,0.6178133351107439,0.6465706685557961,0.7277226680889726,0.08159999797741573,0.041215999672810234,0.06691200037797292,0.428085337082545
Qwen3-8B_tp1_ctx2048_bs1,Qwen3-8B,1,1,2048,8,0.0798719972372055,0.6179199938972791,0.6462399934728941,0.7261119907100996,0.08089599758386612,0.041034666200478874,0.06723200033108394,0.42875732978185016
Qwen3-8B_tp1_ctx2048_bs1,Qwen3-8B,1,1,2048,9,0.07951999704043071,0.6144213390847048,0.642869339014093,0.7223893360545237,0.08074666559696198,0.0412373331685861,0.06611199925343196,0.4263253410657247
Qwen3-8B_tp1_ctx2048_bs1,Qwen3-8B,1,1,2048,10,0.08123733103275299,0.6136960027118524,0.6423253358031312,0.7235626668358842,0.0811413327852885,0.04133333389957746,0.0655359998345375,0.4256853361924489
Qwen3-8B_tp1_ctx2048_bs1,Qwen3-8B,1,1,2048,11,0.07918933033943176,0.6099626707533995,0.6373866706465682,0.7165760009859999,0.08055466413497925,0.04052266602714857,0.06458666672309239,0.4242986738681793
Qwen3-8B_tp1_ctx2048_bs1,Qwen3-8B,1,1,2048,12,0.07918933033943176,0.6113493318359057,0.6396906652177373,0.7188799955571691,0.08154666423797607,0.041034666200478874,0.06486399968465169,0.4239040017127991
Qwen3-8B_tp1_ctx2048_bs1,Qwen3-8B,1,1,2048,13,0.07884799689054489,0.610101331025362,0.6378026641905308,0.7166506610810757,0.08079999933640163,0.041269333412249885,0.06418133278687795,0.4238506654898326
Qwen3-8B_tp1_ctx2048_bs1,Qwen3-8B,1,1,2048,14,0.08055466413497925,0.610378660261631,0.6391039931525787,0.719658657287558,0.08148266623417537,0.04130133241415024,0.06478933244943619,0.4228053291638692
Qwen3-8B_tp1_ctx2048_bs1,Qwen3-8B,1,1,2048,15,0.07906133433183034,0.6142293351391951,0.6444906682396928,0.7235520025715232,0.08310400197903316,0.04186666632692019,0.06568533182144165,0.4235733350118001
Qwen3-8B_tp1_ctx2048_bs1,Qwen3-8B,1,1,2048,16,0.07953066378831863,0.6086933327217896,0.6368853328749537,0.7164159966632724,0.08055466413497925,0.04163200035691261,0.06417066603899002,0.4223360021909078
Qwen3-8B_tp1_ctx2048_bs1,Qwen3-8B,1,1,2048,17,0.08081066608428955,0.6120960004627705,0.6400746672103803,0.7208853332946699,0.08152533074220021,0.04226133351524671,0.06481066594521205,0.4234986702601115
Qwen3-8B_tp1_ctx2048_bs1,Qwen3-8B,1,1,2048,18,0.07913599908351898,0.6087999989589055,0.6370453322306275,0.7161813313141465,0.08051199714342754,0.04081066697835922,0.06427733351786931,0.42320000131924945
Qwen3-8B_tp1_ctx2048_bs1,Qwen3-8B,1,1,2048,19,0.07879466563463211,0.6112853238979975,0.6397653240710497,0.7185599897056818,0.08021333068609238,0.04269866645336151,0.06450133273998897,0.4238719940185547
Qwen3-8B_tp1_ctx2048_bs1,Qwen3-8B,1,1,2048,20,0.07850666344165802,0.6106560068825881,0.6387520066152017,0.7172586700568597,0.08042666564385097,0.04226133351524671,0.06494933366775513,0.4230186740557353
Qwen3-8B_tp1_ctx2048_bs1,Qwen3-8B,1,1,2048,21,0.08185599992672603,0.6117759980261326,0.6399893310541908,0.7218453309809167,0.08059733112653096,0.043232000122467674,0.06511999915043513,0.4228266676266988
Qwen3-8B_tp1_ctx2048_bs1,Qwen3-8B,1,1,2048,22,0.09116799881060918,0.609834666053454,0.6376319990182916,0.7287999978289008,0.08041599889596303,0.04065066576004028,0.06585599978764851,0.42291200160980225
Qwen3-8B_tp1_ctx2048_bs1,Qwen3-8B,1,1,2048,23,0.08294399827718735,0.6080106683075428,0.6355840017398199,0.7185280000170072,0.08029866466919582,0.039957333356142044,0.06487466643253963,0.42288000384966534
Qwen3-8B_tp1_ctx2048_bs1,Qwen3-8B,1,1,2048,24,0.08279466380675633,0.6107306604584058,0.6386666605249047,0.7214613243316611,0.0814186657468478,0.04101333270470301,0.0654933328429858,0.4228053291638692
Qwen3-8B_tp1_ctx2048_bs1,Qwen3-8B,1,1,2048,25,0.07814400146404903,0.6115626568595568,0.639466656682392,0.717610658146441,0.08079999933640163,0.03993599861860275,0.06518399963776271,0.42564265926678974
Qwen3-8B_tp1_ctx2048_bs1,Qwen3-8B,1,1,2048,26,0.07871999839941661,0.6094506631294887,0.6374719965582093,0.7161919949576259,0.08055466413497925,0.04043733328580856,0.06509866565465927,0.42336000005404156
Qwen3-8B_tp1_ctx2048_bs1,Qwen3-8B,1,1,2048,27,0.08043733239173889,0.6119253238042196,0.6400746569658319,0.7205119893575708,0.08024533092975616,0.040277332067489624,0.06790400048096974,0.42349866032600403
Qwen3-8B_tp1_ctx2048_bs1,Qwen3-8B,1,1,2048,28,0.0784959966937701,0.6083200039962927,0.6365653372680147,0.7150613339617847,0.0802239974339803,0.04054399952292442,0.0639573335647583,0.4235946734746297
Qwen3-8B_tp1_ctx2048_bs1,Qwen3-8B,1,1,2048,29,0.07932800302902858,0.6108693331480026,0.6391573327903947,0.7184853358194232,0.08098133156696956,0.04083200047413508,0.06519466638565063,0.4238613347212474
Qwen3-8B_tp1_ctx2048_bs1,Qwen3-8B,1,1,2048,30,0.07983999699354172,0.6111893157164255,0.6397226490080357,0.7195626460015774,0.08056533088286717,0.041333332657814026,0.06408533205588658,0.4252053201198578
Qwen3-8B_tp1_ctx2048_bs1,Qwen3-8B,1,1,2048,31,0.07978666573762894,0.6100586652755737,0.6382826650515199,0.7180693307891488,0.07991466422875722,0.041077333192030586,0.06441599875688553,0.4246506690979004
Qwen3-8B_tp1_ctx2048_bs1,Qwen3-8B,1,1,2048,32,0.07953066378831863,0.6114133397738138,0.6393280063445369,0.7188586701328555,0.08056533088286717,0.040394666294256844,0.06523733337720235,0.4252160092194875
Qwen3-8B_tp1_ctx2048_bs1,Qwen3-8B,1,1,2048,33,0.07880533238252004,0.6083413263161976,0.6365759928400317,0.7153813252225518,0.08041599889596303,0.03987200061480204,0.06451199948787689,0.4235413273175557
Qwen3-8B_tp1_ctx2048_bs1,Qwen3-8B,1,1,2048,34,0.08089599758386612,0.6101333300272624,0.6385279962172111,0.7194239938010772,0.08046933263540268,0.041536000867684685,0.06502399841944377,0.42310399810473126
Qwen3-8B_tp1_ctx2048_bs1,Qwen3-8B,1,1,2048,35,0.08050133287906647,0.6090773257116476,0.6380586589997014,0.7185599918787678,0.08117333054542542,0.040288000057140984,0.06476799895366032,0.42284799615542096
Qwen3-8B_tp1_ctx2048_bs16,Qwen3-8B,1,16,2048,0,0.26421333352724713,0.7426773284872372,0.7669973284937441,1.0312106620209913,0.1306986684600512,0.062122667829195656,0.08976000050703685,0.46009599169095355
Qwen3-8B_tp1_ctx2048_bs16,Qwen3-8B,1,16,2048,1,0.15255466848611832,0.6595199989775816,0.692671999335289,0.8452266678214073,0.08637866626183192,0.049877334386110306,0.0713280017177264,0.451935996611913
Qwen3-8B_tp1_ctx2048_bs16,Qwen3-8B,1,16,2048,2,0.14193066954612732,0.6519359933833281,0.6830186598623792,0.8249493294085065,0.0846506655216217,0.04483199988802274,0.07057066758473714,0.45188266038894653
Qwen3-8B_tp1_ctx2048_bs16,Qwen3-8B,1,16,2048,3,0.1402986670533816,0.6488853345314661,0.678698668256402,0.8189973353097836,0.08499199897050858,0.044693333407243095,0.06798933446407318,0.4512106676896413
Qwen3-8B_tp1_ctx2048_bs16,Qwen3-8B,1,16,2048,4,0.13649066289265951,0.6467093303799629,0.6762559972703457,0.8127466601630052,0.0839466651280721,0.04525866607824961,0.06762666751941045,0.44987733165423077
Qwen3-8B_tp1_ctx2048_bs16,Qwen3-8B,1,16,2048,5,0.13716266552607217,0.6458559979995092,0.6759893310566744,0.8131519965827465,0.0846506655216217,0.04306133339802424,0.06826666742563248,0.44987733165423077
Qwen3-8B_tp1_ctx2048_bs16,Qwen3-8B,1,16,2048,6,0.13432533542315164,0.6460906739036242,0.6748373402903477,0.8091626757134993,0.08493866523106892,0.04228266576925913,0.06758400052785873,0.45128534237543744
Qwen3-8B_tp1_ctx2048_bs16,Qwen3-8B,1,16,2048,7,0.1344000001748403,0.6473706612984339,0.6767893275246024,0.8111893276994427,0.08491733421881993,0.04331733286380768,0.06861866762240727,0.45051732659339905
Qwen3-8B_tp1_ctx2048_bs16,Qwen3-8B,1,16,2048,8,0.1341866652170817,0.6458026642600696,0.6745173304031293,0.808703995620211,0.08454399804274242,0.042037333051363625,0.06797866771618526,0.45124266544977826
Qwen3-8B_tp1_ctx2048_bs16,Qwen3-8B,1,16,2048,9,0.1333546663324038,0.6461653312047323,0.6757013313472271,0.8090559976796309,0.08406399935483932,0.04164266586303711,0.06958933422962825,0.4508693317572276
Qwen3-8B_tp1_ctx2048_bs16,Qwen3-8B,1,16,2048,10,0.13580800344546637,0.6444480071465174,0.6736960069586834,0.8095040104041498,0.0846506655216217,0.042623999218146004,0.06754133353630702,0.4496320088704427
Qwen3-8B_tp1_ctx2048_bs16,Qwen3-8B,1,16,2048,11,0.13219199577967325,0.6445866624514262,0.6739413294320304,0.8061333252117037,0.08370133241017659,0.042047999799251556,0.06826666742563248,0.45057066281636554
Qwen3-8B_tp1_ctx2048_bs16,Qwen3-8B,1,16,2048,12,0.13271466394265494,0.6455146744847298,0.6755520077422261,0.8082666716848811,0.08503466596206029,0.04198399931192398,0.06766933451096217,0.4508266746997833
Qwen3-8B_tp1_ctx2048_bs16,Qwen3-8B,1,16,2048,13,0.13302399714787802,0.6427306644618511,0.6719039976596832,0.8049279948075613,0.08356266717116038,0.04233600075046221,0.06729600081841151,0.449535995721817
Qwen3-8B_tp1_ctx2048_bs16,Qwen3-8B,1,16,2048,14,0.13303466886281967,0.6445546522736549,0.6746666518350443,0.8077013206978639,0.08454399804274242,0.042677332957585655,0.06754133353630702,0.44979198773701984
Qwen3-8B_tp1_ctx2048_bs16,Qwen3-8B,1,16,2048,15,0.13350399831930795,0.6437653278311093,0.6745279943570495,0.8080319926763574,0.0846506655216217,0.042261332273483276,0.06690133363008499,0.4499519964059194
Qwen3-8B_tp1_ctx2048_bs16,Qwen3-8B,1,16,2048,16,0.13408000022172928,0.6497279951969783,0.6792319950958093,0.8133119953175386,0.08395733187596004,0.04200533280769984,0.06720000008742015,0.45656533042589825
Qwen3-8B_tp1_ctx2048_bs16,Qwen3-8B,1,16,2048,17,0.13619199891885123,0.6464959941804409,0.6761493276183804,0.8123413265372317,0.0850026657183965,0.04447999969124794,0.06752000004053116,0.4494933287302653
Qwen3-8B_tp1_ctx2048_bs16,Qwen3-8B,1,16,2048,18,0.13373866180578867,0.6454400022824606,0.6746666685988506,0.8084053304046392,0.08454400052626927,0.042421333491802216,0.0679253339767456,0.45054933428764343
Qwen3-8B_tp1_ctx2048_bs16,Qwen3-8B,1,16,2048,19,0.14069333175818124,0.6436159921189148,0.6723093250766397,0.8130026568348209,0.08493866523106892,0.042527999728918076,0.06695466736952464,0.44919465978940326
Qwen3-8B_tp1_ctx2048_bs16,Qwen3-8B,1,16,2048,20,0.13311999787886938,0.6453333323200543,0.6747093321755528,0.8078293300544223,0.08493866523106892,0.04310400038957596,0.06757333377997081,0.44971733291943866
Qwen3-8B_tp1_ctx2048_bs16,Qwen3-8B,1,16,2048,21,0.13288532942533493,0.6437973280747732,0.6729173281540474,0.8058026575793823,0.08441599955161412,0.04198399931192398,0.06724266707897186,0.4501546621322632
Qwen3-8B_tp1_ctx2048_bs16,Qwen3-8B,1,16,2048,22,0.13350400080283484,0.6441706667343775,0.6732693333178759,0.8067733341207107,0.0844800000389417,0.04261333247025808,0.06718933333953221,0.44988800088564557
Qwen3-8B_tp1_ctx2048_bs16,Qwen3-8B,1,16,2048,23,0.13350400080283484,0.6442879984776179,0.6739946650341153,0.8074986658369502,0.08526933193206787,0.04199466605981191,0.06755200028419495,0.44947200020154315
Qwen3-8B_tp1_ctx2048_bs16,Qwen3-8B,1,16,2048,24,0.13425066818793616,0.6436906692882378,0.6726720025762916,0.8069226707642277,0.08461866527795792,0.042688000947237015,0.06690133363008499,0.44948266943295795
Qwen3-8B_tp1_ctx2048_bs16,Qwen3-8B,1,16,2048,25,0.1337493285536766,0.6444479984541734,0.6754666656876603,0.8092159942413369,0.08442666629950206,0.04224000001947085,0.06819200019041698,0.4495893319447835
Qwen3-8B_tp1_ctx2048_bs16,Qwen3-8B,1,16,2048,26,0.13170133531093597,0.6437013323108355,0.6729386653751135,0.8046400006860495,0.08460799853006999,0.042410666743914284,0.06725333382685979,0.44942933320999146
Qwen3-8B_tp1_ctx2048_bs16,Qwen3-8B,1,16,2048,27,0.1332266703248024,0.6444160044193268,0.6732906708493829,0.8065173411741853,0.0846506655216217,0.04198399931192398,0.06758400052785873,0.45019733905792236
Qwen3-8B_tp1_ctx2048_bs16,Qwen3-8B,1,16,2048,28,0.13182933131853738,0.6431893321375052,0.6724906650682291,0.8043199963867664,0.08451200028260548,0.041930666814247765,0.06761600077152252,0.44913066426912945
Qwen3-8B_tp1_ctx2048_bs16,Qwen3-8B,1,16,2048,29,0.13341866930325827,0.6511360009511312,0.6807360012705127,0.814154670573771,0.08454399804274242,0.0420266663034757,0.06851200014352798,0.4560533364613851
Qwen3-8B_tp1_ctx2048_bs16,Qwen3-8B,1,16,2048,30,0.13340799510478973,0.6467306663592657,0.675797333009541,0.8092053281143308,0.08425599833329518,0.04257066547870636,0.06926933427651723,0.4506346682707469
Qwen3-8B_tp1_ctx2048_bs16,Qwen3-8B,1,16,2048,31,0.13278932869434357,0.6418453268706799,0.6697173261394104,0.8025066548337539,0.08393599838018417,0.04192000006635984,0.06658133367697398,0.44940799474716187
Qwen3-8B_tp1_ctx2048_bs16,Qwen3-8B,1,16,2048,32,0.13326933234930038,0.644853338599205,0.6746133382742604,0.8078826706235608,0.0860586663087209,0.04265599946180979,0.06755200028419495,0.44858667254447937
Qwen3-8B_tp1_ctx2048_bs16,Qwen3-8B,1,16,2048,33,0.13172266632318497,0.6429546698927879,0.6715840032945076,0.8033066696176926,0.08456533153851827,0.04195199906826019,0.06690133363008499,0.4495360056559245
Qwen3-8B_tp1_ctx2048_bs16,Qwen3-8B,1,16,2048,34,0.13422933469216028,0.64419199898839,0.6729706656187773,0.8072000003109375,0.08526933193206787,0.04224000001947085,0.06754133353630702,0.44914133350054425
Qwen3-8B_tp1_ctx2048_bs16,Qwen3-8B,1,16,2048,35,0.13275733341773352,0.643989327053229,0.6745173266778389,0.8072746600955725,0.08484266450007756,0.04243200023969015,0.06755200028419495,0.44916266202926636
Qwen3-8B_tp1_ctx2048_bs64,Qwen3-8B,1,64,2048,0,0.20717866718769073,0.7216320099929968,0.7445013434626162,0.9516800106503069,0.1195199986298879,0.05830400064587593,0.08503466596206029,0.45877334475517273
Qwen3-8B_tp1_ctx2048_bs64,Qwen3-8B,1,64,2048,1,0.15162666390339533,0.6568213365972042,0.6894293365379174,0.8410560004413127,0.08670933296283086,0.04720000053445498,0.0713280017177264,0.45158400138219196
Qwen3-8B_tp1_ctx2048_bs64,Qwen3-8B,1,64,2048,2,0.14129066715637842,0.652351992825667,0.6824639926974971,0.8237546598538755,0.0852799986799558,0.044266665975252785,0.07162666817506154,0.4511786599953969
Qwen3-8B_tp1_ctx2048_bs64,Qwen3-8B,1,64,2048,3,0.1402239998181661,0.6504853342970212,0.6795626676951845,0.8197866675133506,0.08662399897972743,0.04471466690301895,0.07029333462317784,0.448853333791097
Qwen3-8B_tp1_ctx2048_bs64,Qwen3-8B,1,64,2048,4,0.14028800030549368,0.6460693317155043,0.6760853317876656,0.8163733320931593,0.08630399902661641,0.04203733429312706,0.06752000004053116,0.4502079983552297
Qwen3-8B_tp1_ctx2048_bs64,Qwen3-8B,1,64,2048,5,0.14058666924635568,0.6456319938103358,0.6752426602567235,0.8158293295030792,0.08529066542784373,0.042047999799251556,0.0678506667415301,0.4504426618417104
Qwen3-8B_tp1_ctx2048_bs64,Qwen3-8B,1,64,2048,6,0.13785599917173386,0.6453973303238552,0.6744426634783547,0.8122986626500885,0.084927998483181,0.04232533276081085,0.06802133470773697,0.4501226643721263
Qwen3-8B_tp1_ctx2048_bs64,Qwen3-8B,1,64,2048,7,0.1378560016552607,0.6478506699204445,0.6786773363128304,0.8165333379680911,0.08567466586828232,0.0420266663034757,0.06822400043408076,0.4519253373146057
Qwen3-8B_tp1_ctx2048_bs64,Qwen3-8B,1,64,2048,8,0.13716266552607217,0.6465919936696688,0.6756053268909454,0.8127679924170176,0.08509866396586101,0.04198399931192398,0.06860800087451935,0.4509013295173645
Qwen3-8B_tp1_ctx2048_bs64,Qwen3-8B,1,64,2048,9,0.1384319985906283,0.6480426664153734,0.6765973328923186,0.8150293314829469,0.08454399804274242,0.04217600077390671,0.0679253339767456,0.45339733362197876
Qwen3-8B_tp1_ctx2048_bs64,Qwen3-8B,1,64,2048,10,0.13683199882507324,0.6444799999396006,0.6729813329875469,0.8098133318126202,0.08502399921417236,0.04198399931192398,0.06725333382685979,0.45021866758664447
Qwen3-8B_tp1_ctx2048_bs64,Qwen3-8B,1,64,2048,11,0.1368213345607122,0.6439679985245069,0.672895998073121,0.8097173326338332,0.08476799974838893,0.04198399931192398,0.06782933324575424,0.44938666621843976
Qwen3-8B_tp1_ctx2048_bs64,Qwen3-8B,1,64,2048,12,0.136543999115626,0.6445440016686916,0.6739626685157418,0.8105066676313678,0.08495999872684479,0.042314667254686356,0.06729600081841151,0.44997333486874896
Qwen3-8B_tp1_ctx2048_bs64,Qwen3-8B,1,64,2048,13,0.13819733013709387,0.6447146659096081,0.6734719993546605,0.8116693294917544,0.08430933207273483,0.04198399931192398,0.0679573342204094,0.45046400030454
Qwen3-8B_tp1_ctx2048_bs64,Qwen3-8B,1,64,2048,14,0.13845333456993103,0.6461653262376785,0.6750506594156225,0.8135039939855535,0.08567466586828232,0.042122667034467064,0.06780799974997838,0.45055999358495075
Qwen3-8B_tp1_ctx2048_bs64,Qwen3-8B,1,64,2048,15,0.13609599570433298,0.6463360041379929,0.6756693376228213,0.8117653333271543,0.08534399916728337,0.04235733300447464,0.06777599950631459,0.45085867245992023
Qwen3-8B_tp1_ctx2048_bs64,Qwen3-8B,1,64,2048,16,0.13481599589188895,0.6427839994430542,0.6712213326245546,0.8060373285164436,0.08487466474374135,0.0410453329483668,0.06664533416430156,0.45021866758664447
Qwen3-8B_tp1_ctx2048_bs64,Qwen3-8B,1,64,2048,17,0.1348373293876648,0.6447253301739693,0.6734186634421349,0.8082559928297997,0.08444799979527791,0.04169599960247675,0.06904533505439758,0.449535995721817
Qwen3-8B_tp1_ctx2048_bs64,Qwen3-8B,1,64,2048,18,0.13573333124319711,0.6465173239509264,0.6752746570855379,0.811007988328735,0.08499199897050858,0.04232533276081085,0.06790400048096974,0.45129599173863727
Qwen3-8B_tp1_ctx2048_bs64,Qwen3-8B,1,64,2048,19,0.13590400169293085,0.6441813372075558,0.6727253372470537,0.8086293389399846,0.08499199897050858,0.042570666720469795,0.06688000013430913,0.44973867138226825
Qwen3-8B_tp1_ctx2048_bs64,Qwen3-8B,1,64,2048,20,0.1352533350388209,0.6456213196118673,0.6745173195376992,0.8097706545765201,0.08523733168840408,0.04169599960247675,0.06781866649786632,0.4508693218231201
Qwen3-8B_tp1_ctx2048_bs64,Qwen3-8B,1,64,2048,21,0.13418666770060858,0.6440746660033861,0.6725013327474395,0.8066880004480481,0.08439466605583827,0.04201599955558777,0.06724266707897186,0.4504213333129883
Qwen3-8B_tp1_ctx2048_bs64,Qwen3-8B,1,64,2048,22,0.13381333152453104,0.6444693331917127,0.6731093330308795,0.8069226645554105,0.0843306655685107,0.04266666620969772,0.06721066683530807,0.4502613345781962
Qwen3-8B_tp1_ctx2048_bs64,Qwen3-8B,1,64,2048,23,0.13675733158985773,0.6453546682993571,0.6746133345489701,0.8113706661388278,0.0841919978459676,0.042261332273483276,0.06834133466084798,0.4505600035190582
Qwen3-8B_tp1_ctx2048_bs64,Qwen3-8B,1,64,2048,24,0.1351146623492241,0.6452479995787144,0.6743039994811019,0.809418661830326,0.08470399926106136,0.041930666814247765,0.0687253326177597,0.44988800088564557
Qwen3-8B_tp1_ctx2048_bs64,Qwen3-8B,1,64,2048,25,0.13484800358613333,0.6440213347474734,0.6729173346733054,0.8077653382594387,0.08531199892361958,0.04118400067090988,0.06759466727574666,0.44993066787719727
Qwen3-8B_tp1_ctx2048_bs64,Qwen3-8B,1,64,2048,26,0.13154133409261703,0.6435946697990099,0.6716053361694018,0.8031466702620188,0.08458666503429413,0.042378666500250496,0.06651733318964641,0.4501120050748189
Qwen3-8B_tp1_ctx2048_bs64,Qwen3-8B,1,64,2048,27,0.13313066711028418,0.6459946682055792,0.6739946681385239,0.8071253352488081,0.08625066528717677,0.04235733300447464,0.06724266707897186,0.45014400283495587
Qwen3-8B_tp1_ctx2048_bs64,Qwen3-8B,1,64,2048,28,0.13315199812253317,0.6455360017716885,0.6738346684724092,0.8069866665949424,0.08460799853006999,0.04196266705791155,0.06782933324575424,0.4511360029379527
Qwen3-8B_tp1_ctx2048_bs64,Qwen3-8B,1,64,2048,29,0.13350399831930795,0.6446720063686371,0.6727573396638036,0.8062613379831115,0.08559999863306682,0.04131199916203817,0.06759466727574666,0.45016534129778546
Qwen3-8B_tp1_ctx2048_bs64,Qwen3-8B,1,64,2048,30,0.13540266454219818,0.6431039969126383,0.6716586637000242,0.8070613282422224,0.08406399935483932,0.041322665909926094,0.067221333583196,0.45049599806467694
Qwen3-8B_tp1_ctx2048_bs64,Qwen3-8B,1,64,2048,31,0.13380266477664313,0.6447039929529031,0.6720319930464029,0.8058346578230461,0.08469333251317342,0.04329600060979525,0.06718933333953221,0.4495253264904022
Qwen3-8B_tp1_ctx2048_bs64,Qwen3-8B,1,64,2048,32,0.13341866930325827,0.6458986749251684,0.6742613418027759,0.8076800111060342,0.08507733295361201,0.04286933441956838,0.06758400052785873,0.4503680070241292
Qwen3-8B_tp1_ctx2048_bs64,Qwen3-8B,1,64,2048,33,0.13380266477664313,0.6438400062421957,0.6720106728995839,0.8058133376762271,0.0847253327568372,0.04119466617703438,0.0674239993095398,0.45049600799878436
Qwen3-8B_tp1_ctx2048_bs64,Qwen3-8B,1,64,2048,34,0.1344106669227282,0.6447253326574961,0.6732586659491062,0.8076693328718344,0.08567466586828232,0.041706666350364685,0.06688000013430913,0.45046400030454
Qwen3-8B_tp1_ctx2048_bs64,Qwen3-8B,1,64,2048,35,0.1327786644299825,0.6497066617012024,0.6773866613705953,0.8101653258005779,0.08430933207273483,0.04098133246103922,0.07325866570075353,0.4511573314666748
